url,title,post_date,검색어,브랜드 명,content,content_cnt,content_line,quote,quote_cnt,first_img,last_img,img_cnt,솔직 빈도 수,비교 빈도 수,ㅋ 빈도 수,ㅋㅋ 빈도 수,ㅋㅋㅋ 빈도 수,ㅋㅋㅋㅋ 빈도 수,... 빈도 수,.... 빈도 수,ㅜ 빈도 수,ㅜㅜ 빈도 수,ㅜㅜㅜ 빈도 수,ㅜㅜㅜㅜ 빈도 수,ㅠ 빈도 수,ㅠㅠ 빈도 수,ㅠㅠㅠ 빈도 수,ㅠㅠㅠㅠ 빈도 수,장점 빈도 수,단점 빈도 수,비속어 빈도 수,허락 키워드,내돈내산 키워드,리얼후기 키워드,협찬 키워드,체험단 키워드,coupa.ng 키워드,< 키워드,> 키워드,♡ 키워드,♥ 키워드,구매후기 키워드,한달 키워드,두달 키워드,세달 키워드,광고 분류1,광고 분류2
https://blog.naver.com/PostView.naver?blogId=susie9211&logNo=222695693207,분유포트기 출산선물추천 에어맘 제로 사용 후기,20220409,에어맘 리뷰,에어맘,"주변 출산하는 산모에게 무얼 선물할까 고민하시는 분들이 많은데 출산/육아 경험이 있는 사람은 뭐가 필요한지 먼저 알고 챙겨주지만 그렇지 않은 사람은 당최 어떤 걸 선물해 줘야 하는지 너무 어렵다..! 그런 사람을 위해 준비한 포스팅 에어맘 제로 분유포트 출산선물추천 자세한 제품 언박싱 후기는 1탄에! 본 포스팅에서는 실제로 아이를 키우면서 분유포트를 어떻게 활용하는지에 대해 작성했다. ▼ 분유포트 에어맘 제로 언박싱 ▼ https://blog.naver.com/susie9211/222690129835 아이를 낳고 모유수유를 할지 분유수유를 할지는 엄마 본인도 모른다 왜냐면 의지만 가지고 모유수유를 할 수 없기에... 몸 상태와 수유 컨디션이 따라주어야 완전 모유수유를 할 수 있다.  완모맘들에게는 분유포트가 필요 없다고 생각할 수 있지만 아이에게 물을 줄 때 끓였다 식힌 물을 먹이기도 하고, 일정한 온도의 미온수를 보온해 주는 포트가 필요한 일이 왕왕 많다. 그리고 초반에는 대부분 모유와 분유를 함께 먹이는 혼합수유를 하기 때문에 분유포트는 말 그대로 육아필수템! 분유포트기는 쉽게 말하면 물을 팔팔 끓인 뒤, 분유 타기 최적의 온도(43도)로 유지해 주는 역할을 한다. 나는 사진 왼쪽에 있는 분유제조기인 브레짜를 사용하고 있는데 브레짜에도 어차피 끓였다 식힌 물을 넣어서 사용하기 때문에 분유포트는 어쨌든 필요함 ㅎㅎ 나는 생수를 사용한다 생수, 정수, 수돗물 등 엄마들마다 사용하는 물은 다르다 본인이 사용하는 물을 에어맘 분유포트 안의 max 선까지 가득 차게 부어준다 max 선까지 채웠을 경우 1.7L라는 대용량의 물이 들어가기 때문에 이틀 정도는 분유물 걱정을 안 해도 된다 ㅎㅎ  생수를 부으면 물의 온도가 뜬다 잠금 해제 버튼 (2초간 누르면 해제) -> 자동 버튼 두 개만 누르면 분유 물 준비 끝! 너무 쉽다. 물이 팔팔 다 끓었을 때 신호음이 한 번 나고, 물이 적정온도(43도)로 세팅되면 신호음이 한 번 더 난다. 100도에서 43도로 식혀지는 데에는 1시간 30분 정도 소요되는 것 같다. 아이가 배고파서 막 우는데 분유 물이 없으면 처음에는 매우 매우 당황스러우므로, 아이 분유 텀을 고려해서 물 준비하는 건 필수!  (지금은 아이도 좀 크고 해서... 그런 경우에 팔팔 끓는 물과 정수를 대충 섞어서 타긴 하는데 ㅋㅋ 신생아 때는 정말 멘붕 ㅠ_ㅠ) 43도로 세팅되면 아주 마음이 든-든 언제든지 아이에게 적당히 미지근한 물을 줄 수 있다 외출할 때 텀블러에 담아 나갈 때는  잠금 해제 버튼 -> 출수 버튼을 꾹- 누르면 내가 원하는 만큼 물을 담을 수 있다. 참고로 출수 버튼을 1회 짧게 누르면 분유 1스푼에 맞는 물 용량인 35ml가 출수된다. 브레짜가 있어도 1주일에 1회는 세척을 하고 물기를 완전히 빠짝 말린 뒤 재사용하기 때문에, 1주일에 하루 이틀 정도는 직접 분유를 타서 먹인다. 이때 꼭 필요한 게 분유포트기 여름이는 낮에 120ml-160ml 정도 먹고 첫수와 막수는 200ml까지도 타서 먹인다. 200ml의 경우 분유 5스푼을 넣고 출수 버튼을 짧게 5번 누르면 딱 맞는 정량으로 타서 먹일 수 있다! 주전자 포트에서 젖병에 물 따르는 게 그렇게 귀찮은 일인 줄 몰랐는데 에어맘 제로 분유포트기를 몇 번 사용해 보니 출수 버튼이 진짜 정말 편리하다  젖병 눈금을 보지 않고도 정량을 딱 맞춰서 먹일 수 있으니 말이다. 분유 5스푼+출수버튼 5번 누르니 약 210ml 정도의 분유가 완성됐다 브레짜의 경우 분유양을 150, 180, 210 이렇게 30ml 단위로 설정할 수 있는데 항상 설정한 용량보다 10-30ml정도 더 나와서 분유를 버릴 때가 많은데 에어맘 제로는 정량이 딱 나와서 원하는 만큼 탈 수 있다는 장점이 있다! 출수버튼 짧게 터치하고 분유 타는 모습을 영상으로 담아보았다 :) 남은 물의 양은 포트기 측면에서 직접 눈으로 보고 확인할 수 있다. 분유 4스푼에 출수 버튼 4번 누르니 귀신처럼 160-170ml 사이로 양이 딱 맞춰진다. 그리고 분유뿐만 아니라 이유식 먹인 뒤에 물을 같이 먹이고 있는데, 이때도 이유식 용기에 바로 출수버튼 1회를 누르면 35ml가 나와서 편리하다. 어떤 걸 사야 할지 고민이라면,  분유포트기 출산선물추천! 완모하는 아이에게도, 분유 먹는 아이에게도 꼭 필요할뿐더러 신생아 때부터 돌 지나서까지 사용할 수 있어서 실용적인 선물이다 :) 본 포스팅은 상품만을 무상으로 제공받아 솔직하게 작성되었습니다.",2193,14,[],0,https://postfiles.pstatic.net/MjAyMjA0MDlfMTM5/MDAxNjQ5NDMwNDU4NTU4.R-u4rcOGI34cwmtUll_szkLjsSWlhEpNvM-P0967_Q4g.sFouHp1L0FIwI4vn8AEq7qOkTximaLvh3mQoI8QNyLAg.JPEG.susie9211/20220401_221927.jpg?type=w773,https://postfiles.pstatic.net/MjAyMjA0MDlfMjA0/MDAxNjQ5NDMxNzE1NjU4.MnaIzn2VBe2RGv2qm7ZIV-qriTHu15CsW2u2rrwdNIsg.x26YbHCCPmZC70syK5hIIV-TstooY-bly7Pe3bw5GtQg.PNG.susie9211/%EB%A7%BA%EC%9D%8C%EB%A7%90_%EC%9D%B4%EB%AF%B8%EC%A7%80_png.png?type=w773,15,1,0,1,1,0,0,2,0,0,0,0,0,1,0,0,0,1,0,0,0,0,0,0,0,0,0,1,0,0,0,0,0,0,0,0
https://blog.naver.com/PostView.naver?blogId=yswh4123&logNo=222684604816,추천 - 에어맘 제로 자동출수로 신생아 육아필수템 후기,20220328,에어맘 리뷰,에어맘,"육아필수템 국민분유포트 자동출수로 편해 글/사진 @yswh4123(라봉라봉) #국민분유포트 #분유포트추천 #분유포트 #에어맘 #에어맘분유포트 #자동출수분유포트 #육아필수템 #분유포트후기 #육아필수템후기 #육아 #육아템 #육아필수템추천 #신생아필수템 #신생아육아템 #신생아육아 #신생아분유 모유수유, 분유수유 가릴 것 없이 분유포트는 육아필수템이다. 12개월까지 완모를 했지만 분유포트는 정말 매일같이 사용했다. 아기의 장이 미숙하기 때문에 끓였다 식힌 물을 줘야하는데 매번 끓였다 식힐 수 없으니 분유포트는 필수다 :) 돌이 되기 전까지 100도씨로 끓인 물을 43~45도에 맞춰 아기에게 줬다. 육아하면서 많은 도움을 준 에어맘 분유포트 추천하는 솔직후기를 남겨보려한다. 신생아 육아필수템을 찾으시는 초보 부모님들에게 많은 도움이되길! 에어맘 분유포트 자동출수형 2세대 분유포트 35ml 정량 출수로 40ml 분유 쉽게 탈 수 있음 스테인레스 316으로 안심하고 사용 1.7L 넉넉한 용량과 영구보온 기능 인정받은 제품력으로 전국 다수의 산후조리원에 입점되어있는 에어맘 분유포트. 육아 고수 선생님들이 모여있는 산후조리원에 입점되어 있다는 것은 그만큼 편하고 좋다는 것! 조리원 입점 특가로 191,000원의 기본 가격에서 118,000원으로 할인 진행 중이다. 3월31일까지 진행하니 분유포트를 구매하실 분들은 지금 구매하는 것이 찬스! 예쁘고 깔끔한 포장으로 출산선물로 주기에도 딱인 분유포트. 선배맘들이 육아필수품을 선물해주면 그만큼 고맙고 좋을 수가 없다 :) 가성비 좋은 출산 선물을 찾는다면 무조건 에어맘을 추천한다. 구성품은 간단하다. 에어맘 분유포트 본품과 설명서 그리고 세척솔. 육아템은 무조건 사용하기 간단하고 청소하기 쉬운 제품이 최고다! 설명서 없이도 쉽고 편리하게 사용 가능한 에어맘이다. 에어맘 분유포트는 영양소파괴 없는 분유물 온도인 43도로 맞출 수 있고 배앓이 방지 염소를 제거해준다. 또한 안전한 밀폐형 보관으로 위생적이다. 냉각, 보온, 출수, 잠금 버튼이 있어 편하다. 43도로 자동으로 맞출 수도 있고 플러스, 마이너스 버튼으로 1도 단위로도 조절이 가능하다. 분유수유 또는 이유식하며 물을 줄 때 끓였다 식힌 분유물이 생각보다 많이 필요한데 에어맘은 최대 1.7L까지 보온할 수 있어서 편리하다. 에어맘 사용설명서를 참고하면 좋을 것 같다 :) 에어맘은 화이트톤에 디자인도 깔끔해서 인테리어 효과로도 만점! 기존 분유포트보다 분유 타기에 더욱 편리한 디자인이지만 공간 차지가 덜하다.  뚜껑과 내부는 의료용 316 스테인레스로 더욱 안전하다. 연마제제거는 키친타올에 식용유를 묻혀서 한번 닦아내고 식초와 물을 희석하여 넣어 한번 끓여주면 끝! 간단하다. 이상 에어맘 분유포트의 개봉기 끝 :) 다음번에는 분유를 쉽게 타는 방법 및 조작 방법에 대해 꼼꼼히 포스팅해보겠다.",1406,15,[],0,https://postfiles.pstatic.net/MjAyMjAzMjdfMjAx/MDAxNjQ4MzkxNTY5NjQw.taNq2xrihPU34wmtOrgg40S8odEN6j-wQdegHGPDdbAg.8A-ZKQnbFgRVdH8L-K8Y297heQ9rzq2lz6gsgqSaz38g.PNG.yswh4123/%EC%97%90%EC%96%B4%EB%A7%98.png?type=w966,https://postfiles.pstatic.net/MjAyMjAzMjdfMjY5/MDAxNjQ4MzkzMTU3MzUy.NG9zrogAU6W3pfJkHI6MBxzMpC0t8Khmka8mFykhnLMg.t9v7IkglZSeAoP82KekwYgp8zEBp_IAORFouvoIvlM4g.PNG.yswh4123/%EB%9E%9C%EC%84%A0%EC%A0%88%EC%B9%9C%EB%AC%B8%EA%B5%AC.png?type=w966,24,1,0,0,0,0,0,0,0,0,0,0,0,0,0,0,0,0,0,0,0,0,0,0,0,0,0,0,0,0,0,0,1,0,0,0
https://blog.naver.com/PostView.naver?blogId=dlwbgus&logNo=222685257189,국민육아템 손목이 편한 에어맘 분유포트 후기,20220328,에어맘 리뷰,에어맘,"누구나 인정하는 국민육아템 자동 출수형이라 손목에 무리가 없는 에어맘 분유포트 후기 우리 집에 새로운 국민육아템이 등장했어요 맘마존을 빛내줄 자동출수 분유포트! 첫째 때 주전자형으로 쓰던 게 남아있어서 그대로 썼는데 오래되어서 그런가? 남편이 분유 타주다가 깨먹었어요... 다행히 유리 주전자만 팔길래 그것만 사려고 했는데 그것도 비싸더라고요 요즘에는 다들 자동 출수형 쓴다기에 저도 한번 바꿔볼까 싶어 기회가 왔길래 냉큼 에어맘으로 갈아탔답니다 일단 가장 매력적인 부분 중에 하나는 영구 보온이 된다는 점이에요 왜 그런지 모르겠지만 주전자형은 24시간이 지나면 꺼지더라고요 24시간마다 물을 갈라는 깊은 뜻인가 싶었는데 까먹고 새로 보온을 안 누르면 새벽에 급하게 수유할 때 꺼져있어서 발 동동 구르고 난감했어요 이건 영구 보온된다고 하니 갑자기 꺼질 염려는 없겠다 싶더라고요 그전에 사용하던 것도 몇 년 전 유행하던 국민육아템 제품이었는데 그땐 급속 쿨링팬이 달린 제품이 없어서 그냥 식히느라 오래 걸렸어요 이건 급속 쿨링팬이 있다고 하니 실온에 물을 식히는 것보다 훨씬 빠르겠죠? 분유포트 후기 꼼꼼하게 남겨볼게요! 일단 디자인부터 합격 우리 집 맘마존은 화이트 톤 주방 인테리어에 하얀 젖병소독기까지 더해져 깔끔한 분위기였는데 그전에 쓰던 제품은 색이 칙칙해서 불만이었어요 이건 정말 심플한 디자인에 깔끔한 화이트 버튼도 딱 6개 심플하게 꼭 필요한 기능만 넣어서 조작도 편해요 저는 창가에 포트기를 두었는데 주전자형은 구멍이 입구가 뚫려있어서 미세먼지 많은 날 혹여나 먼지가 물속에 들어갈까 걱정이었어요 근데 이건 완전 밀폐형 구조라 든든하더라고요! 게다가 뚜껑까지 스테인리스라 뜨거운 김에 플라스틱이 닿아 환경호르몬이 나올까 걱정할 필요도 없고 탈부착이 가능해 세척도 편하대요 뚜껑만 그런 게 아니라 내솥, 토출구까지 모두 스테인리스! 게다가 그냥 스텐도 아니고 스텐 316 내솥, 뚜껑, 토출구까지 의료용 스텐 316으로 만든 건 에어맘이 유일하대요 특히 토출구는 물이 밖으로 나오기 전 마지막으로 닿는 건데 이렇게 세심하게 신경 쓰셨다니 Good KC 안전 인증, 전자파 적합 인증까지 받았다고 하니 안심 또 안심이네요 역시 '국민육아템' 이라고 불릴만하죠?! 뚜껑을 열지 않아도 물 수위를 알 수 있게 눈금이 그려져 있어요 게다가 손잡이가 있어서 휴대하기 편하답니다 물을 비우면 1kg대로 가벼워져서 시댁, 친정, 친구 집 놀러 갈 때 챙길 수 있어요 이런 디테일까지 살리시다니 점점 만족스러워지는 에어맘 분유포트 후기 정말 딱 필요한 기능들만 있어서 조작 방법이 간단해요 자동 버튼을 누르면 100도로 3분 가열했다가 43로도 식혀 영구 보온해 준대요 일반 보온 버튼을 누르면 1도씩 내가 원하는 온도로 맞춰 보온도 가능! 게다가 자동 출수로 내부 배관 소독을 열탕 살균 소독으로 깔끔하게 할 수 있고 격주로는 구연산을 넣어 수동 출수로 물때까지 한 번에 청소도 가능!  자동 출수형은 청소를 어떻게 하나 고민이 많았는데 국민육아템 스스로 열탕 소독도 하고 알아서 척척 잘하네요 물을 3분 2 정도 채운 뒤 출수구에 컵을 놔요 잠금과 전원 버튼을 2초간 동시에 누르면 알아서 자동으로 내솥과 노즐을 팔팔 끓는 물에 열탕소독해 알아서 출수구로 물을 배출한답니다 자동 버튼을 눌렀더니 100도까지 끓고 알아서 43도로 맞춰줘요 물을 팔팔 끓여 물속 세균들을 죽이고 배앓이를 일으킬 수 있는 염소도 제거해서 더욱더 깨끗한 물로! 쿨링팬이 있어서 그런가 실온에서 식히는 기존 주전자형과 다르게 빨리 식더라고요 새벽에는 잠귀 밝은 예민한 아가를 위해 쿨링팬 OFF 기능도 있다니 센스 최고! 엄마 우리 집에 국민육아템 생겼다면서요? 빨리 맛있는 우유 만들어주세요! 분유포트 후기를 기다리는 우리 아들 ㅋㅋㅋㅋㅋㅋㅋㅋㅋㅋㅋ 빨리 안 식으니 자주 끓이기 힘들어서 늘 주전자 가득 한 번에 많이 끓였거든요 무거워진 포트를 들고 젖병에 물을 따르면 약해진 손목이 후덜덜 후덜덜 오죽하면 덩치 큰 남편이 주전자를 놓쳐서 유리가 깨지는 참사가 일어났겠어요 손목이 아플 때마다 이건 어쩔 수 없지 하고 참았는데 젖병을 출수구 아래에 두고 버튼만 누르면 된다니 국민육아템 새로운 신세계를 펼쳐주네요 1스푼에 출수 버튼 한번 딱 35ml라 분유랑 합쳐지면 40ml 나와요 저는 앱솔루트 유기농 궁을 먹여서 분유랑 합쳐서 한 스푼에 40ml거든요 국내 분유 물양에 딱 맞게 설정되어 있어서 외국에서 만든 브레* 보다 편한 느낌 해외 분유나 특수 분유를 먹이신다면 출수 버튼을 꾹 눌러 조절하세요 꾹 누르면 연속 출수가 가능해서 내가 먹이는 제품에 맞게 물을 조절할 수 있어요 짜잔 맛있는 우유 완성 에어맘 분유포트 후기 한마디로 남기자면 정말 편하다! 안전하다! 위생적이다! 스텐이라 안전하고 밀폐되니깐 위생적이며 자동 출수 돼서 정말 편해요 내가 왜 이걸 이제서야 알았을까 첫째 때도 알았다면 정말 편했을 텐데 이제라도 알아서 다행이네요 어때? 맛이 좀 다르니?! ㅋㅋㅋㅋㅋㅋㅋㅋㅋㅋㅋㅋㅋㅋㅋㅋ 오늘도 원샷 때려주시는  태어났을 때 신생아 중환자실에 있어서 다른 아기들보다 작고 연약했는데.. 우유를 잘 먹어서 그런가 지금은 키 상위 8% 몸무게 상위 23%로 아주 건강하게 자라고 있어요! 앞으로도 잘 먹고 잘 크렴 우리 아들 국민육아템 에어맘 분유포트 후기 자동출수형이라 손목이 편해서 좋았어요 스테인리스 316이라 안전하고 살균모드로 토출구까지 열탕 소독할 수 있어 안심하고 사용할 수 있다는 점이 Good! 주변에 임산부가 있다면 출산 선물로 추천해 주고 싶은 아이템! 저처럼 첫째부터 이거 쓸 걸 후회하지 마시고 처음부터 이걸로 사서 쭉 편하게 육아하세요 그럼 오늘도 즐거운 육아되세요",2792,18,[],0,https://postfiles.pstatic.net/MjAyMjAzMjhfNzkg/MDAxNjQ4NDQ2NjEwNjU3.7it2ey4eQAlbTknqB-XT8WaYGMuKGee-_yxI6QqnEe8g.fY8vUO2pEcGiWP15IBoEHpaIEoVl4dRlEQ1hgJ6hrDIg.JPEG.dlwbgus/1648446610421.jpg?type=w966,https://postfiles.pstatic.net/MjAyMjAzMjhfMTQz/MDAxNjQ4NDQ2NDAzMDk0.nvDOdZQGeJB70HL4q2-DlbjdS2fabo4ZsIxl4GJKzi0g.1_eOUmpkbi0E_EK_WZNNMDqcuX_fBCimpVhTDcud1cIg.GIF.dlwbgus/se%EF%BC%BFone%EF%BC%BFani%EF%BC%BF20220328%EF%BC%BF144637%EF%BC%BFa.gif?type=w966,26,0,0,2,2,2,2,1,0,0,0,0,0,0,0,0,0,0,0,0,0,0,0,0,0,0,0,0,0,0,0,0,0,0,9,9
https://blog.naver.com/PostView.naver?blogId=rdg80767&logNo=222693113489,신생아출산선물로 추천하는 에어맘 분유포트 후기 !!,20220406,에어맘 리뷰,에어맘,"분유포트만 쓰다가, 최근에 갈아탄 에어맘 아기 분유포트 :) 주전자처럼 분유물 전체를 들어서 쓰는 기존 분유포트랑은 다르게, 정수기처럼 사용하는 자동 출수형 분유포트 !! 주전자형 분유포트는 분유물 계량하기가 어려운데 에어맘 분유포트는 출수버튼 한 번 누를 때마다 35ml 정량 출수가 가능해서, 40ml 단위로 분유를 정확하게 조제할 수 있다. 예를들어 분유 240ml 조제하고 싶으면, 40ml * 6 이니까, 출수버튼 6번 누르면 끝 !! 사용하기 전엔 편하겠네 ~ 정도였는데 정말 사용해보니, 무거운 분유포트 들지 않아도 되고, 젖병 눈금 들여다보지 않고 횟수만큼 버튼만 누르면 되니까 - 생각했던 것 보다 훨씬 더, 굉장히 편했다 :) 우리집엔 이렇게 설치 !! 분유포트 - 젖병소독기 - 정수기 차례로 ㅎㅎㅎ 수유용품 언제 졸업하나..ㅋㅋ 셋째 예정으로 앞으로 최소 2년 정도는 더 가지고 있을듯 ㅠㅠㅋ 분유물 온도 43도로, 시간제한 없이 영구적으로 보온이 되고, 출수 전에 잠금버튼 눌러 잠금해제한 뒤, 출수버튼을 알맞은 횟수만큼 눌러주면 된다 :) 분유포트 하단에는 정수기처럼 물받이가 있어서 출수 뒤 떨어지는 한 두방울 정도는 괜찮음 !! 물통은 분유포트 윗부분 뚜껑 열어서  물을 부어주면 된다 :) 물통과 물이 닿는 뚜껑, 그리고 물이 나오는 토출구는  스테인리스 316으로 제작했다고 하니, 안심하고 사용할 수 있다 ! 에어맘 분유포트 패키지는 이렇게 되어있음. 본체와 전원연결 선, 그리고 물받침 끝 !! 에어맘 분유포트 용량은 1.7L 영구보온 된다는 게 은근히 큰 장점 !! 아기 분유 줘야하는데, 물 식어있는 것만큼 당황스러운 게 없음 ㅠㅠ 첫째 키울 땐 뭣모르고 보온시간 짧은 것 쓰다가 몇 번이나 당황했는지 모른다는 ^^; 에어맘 분유포트 각 부분 명칭이나 기능들이 사용설명서에 상세하게 적혀 있으니까, 처음에 조금만 읽어보면, 생각보다 간단해서 그 이후론 설명서 없이 사용이 가능하다 :) 꺼내면 이런 모습 !! 난 분유를 먼저 담고, 물을 붓는 게 가루가 덜 뭉쳐서,, 이 방법을 사용하는데 기존 주전자형 분유포트는 분유가루 양 생각해서 어느 정도 물을 붓는지 참 고민스러웠는데 자동출수형 분유포트 사용한 후로는 분유를 처음에 넣든 나중에 넣든 분유물 양을 크게 고려하지 않아도 되니 너무 편하더라는 :) 잠금해제한 뒤, 출수버튼 6번 눌러 분유조제하는 영상 !! 뚜껑닫고 흔들기 전에는 이런 모습 !! 뚜껑 닫고 잘 흔들어주니 분유양 240ml 정확하게 들어맞았다 :) 냠냠냠, 나랑 있으면 이유식보다 분유를 더 좋아해서 큰 일 ~ ㅠㅠ 이제 정말 돌 다가왔고, 분유 슬슬 떼야하는데 말이다 ㅠㅠㅋㅋ #국민분유포트 #분유포트추천 #분유포트후기 #에어맘분유포트 #출산선물추천 #분유포트 본 포스팅은 해당 업체로부터 제품만을 제공받아 직접 사용한 후, 솔직하게 작성한 후기입니다.",1408,17,"['에어맘 분유포트,신생아출산선물로 추천해요 :)']",1,https://postfiles.pstatic.net/MjAyMjA0MDZfMTE4/MDAxNjQ5MjA3Mzk3MTQy.l10-XEI8pVwVMvtbPFMJOXHd6lkT6OjGZyUMSIP7zKMg.RFX9s_ke-rEUHeU_02in4wl2d2R0t_BAEKLK4_oHIKwg.JPEG.rdg80767/IMG_5364.JPG?type=w966,https://postfiles.pstatic.net/MjAyMjA0MDZfMTEx/MDAxNjQ5MjA3Mzk0NTM0.iyp4FuFCpCaHA8SOH1BwOt15wFh3M6zX58nmX6XToE8g.hU_2F-3Z-NAYOTX6M2JR29QoaA8LCNVLnL1x8DwHJV4g.JPEG.rdg80767/IMG_5351.JPG?type=w966,23,1,0,3,2,0,0,0,0,0,0,0,0,4,4,0,0,1,0,0,0,0,0,0,0,0,0,0,0,0,0,0,0,0,0,0
https://blog.naver.com/PostView.naver?blogId=fffunp&logNo=222680009973,육아필수템 국민분유포트 '에어맘' 실사용후기 / 출산선물... ,20220322,에어맘 리뷰,에어맘,"육아필수템 국민분유포트 '에어맘' 찐사용후기 / 출산선물로 강추 안녕하세요 베릴입니다 :) 출산용품중에 강추하는게 뭔가요?라는 묻는다면 완분 & 혼합수유 하시는분들이라면 '자동출수 분유포트기' 라고  저는 아주 당당하게 말할 수 있을것 같아요!! 그냥 분유포트기 아니죠? 자동출수 분유포트기! 완분을 계획하시거나 혼합분유를 계획하신다면 신생아준비물로 자동출수 '에어맘' 분유포트 추천드려요! 혼합 & 분유수유하시는 분들이라면  당연히 분유포트는 준비하실거라 생각해요 일일이 수유때마다 끓여가면서  온도 맞추고 기다릴수는 없잖아요! 특히 신생아때는 수유텀 2~3시간....! 그 사이에 밥 먹이고, 트름시키고,  기저귀 갈아줘야하고 토닥토닥 재워줘야하면 엄마는? 언제 쉬어요? 쉴 시간이 없어요... 물을 끓이고 데워서 수유를 한다? 너무 힘들어요.. 게다가 수유 온도 맞추는게 얼마나 어려운데요ㅠ_ㅠ '에어맘 제로 분유포트' AMK-1700 그 걱정을 국민분유포트 '에어맘'이 해결해줍니다! 크기도 알맞고 화이트한게 깔끔하니 너무 예쁘네요! 투박하게 생겨서 좀 무거우려나? 싶었는데 택배상자 받았는데 가벼워서 깜짝 놀랐잖아요~! 타 분유포트와는 달리 에어맘은 손잡이가 달렸어요. 저는 선반 안쪽에 넣고 사용하는데,  물 끓일때 앞쪽으로 뺐다 넣었다 하거든요. 손잡이가 있어서 굉장히 편하더라구요~!! 에어맘은 깔끔하게 출수가 가능해서  물받이는  사실 크게 필요하지 않지만 받침대로써 역할을 해줄 수 있어서 괜찮았어요! 끓이고 빠르게 식혀주는 쿨링팬이 달려있어서 굿굿! 물 끓이는거 깜빡했을때 쿨링팬...  진짜 유용합니다ㅎㅎ(경험자) + 포트에 물이 얼마나 남아있는지 확인이 가능해요. 1.7L 대용량이라 안심이지만, 가끔 얼마나 있는지 확인해야 할때 뚜껑을 열어서 확인하게되면 위생상 그렇게 좋진 않잖아요! 물이 나오는 토출구는 물론 뚜껑까지 스테인리스! 아이가 마실 물인데 그냥 스테인리스? 아니죠. 포트기 물통뿐만 아니라 뚜껑, 토출구까지 모두 의료용인 스테인리스 316으로 제작하여 아이에게 안심하고 사용이 가능해요!   사용방법도 가볍게 확인해주고, 사용전! 세척방법을 확인하고 사용하기 전 깨끗하게 세척을 해줘요. 의료용 스텐이지만 저는 식용유를 이용해서 가볍게 연마제 제거를 해줬어요. 하지만 깨끗한지 연마제가 검게 나오지 않더라구요~ 집에 구연산이 있어서 구연산으로 세척해줬답니다. 식초 & 구연산 집에 있는걸로 세척해주세요. 물을 가득 채우고 구연산 4~5스푼 넣고 자동버튼을 눌러줍니다. 다 끓으면 출수버튼을 통해 물을 모두 빼내주세요. 그리고 구연산 없이 물로만 가득채워서 다시 자동버튼으로 끓이고 출수버튼으로 물을 빼내는 작업을 2~3번 해줍니다. 저는 꼼꼼하게 아이가 마실거라 3번해줬어요 :-) 뚜껑까지 스텐이라 물이 맺혀도 안심!  에어맘 제로 국민분유포트 답네요! 여기서 잠깐! '에어맘 분유포트' 또 하나의 장점! 자동출수(잠금+전원 버튼 2초간 동시 누름)를 통해 자동열탕살균이 가능하다는 사실!! 자동열탕살균이란?  물을 100도로 3분 연속 가열 후 출수구를 통해 뜨거운 물이 자동으로 300ml 배출을 시키면서 세척! 자동열탕살균을 위해서는 버튼을 누르고  꼭 500ml정도의 컵을 놓아두셔야해요! 에어맘 분유포트가 제 자리를 찾았어요. 깔끔한데 선반안에 쏙! 사이즈 아주 맘에드네요ㅎㅎ 일반 분유포트는 온도 유지는 해주지만 포트를 들어서 약해진 손목을 써야만 하잖아요ㅠ_ㅠ... 처음에는 괜찮은데? 싶다가도 자주 쓰면 손목 나빠져요ㅠㅠ 국민육아템 '에어맘' 분유포트 덕분에 하현이의 분유라떼는 순식간에 제조완료! 배고프다고 울면... 정신없잖아요? 후다닥 에어맘 분유포트로 분유제조 끝내버려요! 35ml 정량 출수가 가능한 에어맘 분유포트지만 저는 수입분유라 3가지 방법으로 출수를 해봤어요. 자동 정량출수 한번 출수버튼 쭉 누르면서 연속출수 마지막은 짧게 180ml를 맞추기 위해 눌렀다 떼기! 영상촬영을 위해 천천히 했음에도 30초가 안걸려요. 분유 넣는데까지하면 40초안에 충분히 가능! (배고픈지 짜증내고 있는 하현잌ㅋㅋㅋ) 아이 분유 타는데 1분도 안걸린다는 사실!! (잠옷 죄송합니다..ㅋㅋㅋㅋ) 빠르게 분유를 완성할 수 있어서 얼마나 다행인지 배고픔의 칭얼거림도 잠깐, 금방 잠잠해졌답니다. '에어맘 분유포트' 국민육아템 맞습니다 쾅쾅! 주위에 임산부가 있어 어떤 선물을 할지 고민이라면 국민분유포트 '에어맘' 출산선물추천 드려요ㅎㅎ 받으신분도 좋고 주위에서 센스있다는 소리 들으실거에요! #국민분유포트 #분유포트후기 #분유포트추천 #분유포트기 #신생아필수템 #국민육아템 #출산선물추천 #에어맘제로 #에어맘분유포트 #에어맘 #육아템 #육아템공유 #신생아준비물",2302,18,[],0,https://postfiles.pstatic.net/MjAyMjAzMjJfOTAg/MDAxNjQ3OTM4MTE4NDcz.VkHLVVIOFt6JXePLf30BFvkYgHP35IqCjEl1adKynJ4g.A540u3FQJwJdatyIIh4LGzFeLWCLV-3BvsocRwTszrUg.JPEG.fffunp/output_2881280508.jpg?type=w966,https://postfiles.pstatic.net/MjAyMjAzMjJfMjU0/MDAxNjQ3OTM4MTIwNDQ5.rVYoKv-c1HbgljnYGwRPnEOGqNiKj7gDGHkhsbqoyS8g.ARMluVGI1sXl2wBtY5b61oOk2SVUO0s3FBbeN5NJIssg.JPEG.fffunp/output_891224925.jpg?type=w966,22,0,0,2,2,2,1,5,1,0,0,0,0,3,1,0,0,1,0,0,0,0,0,0,0,0,0,0,0,0,0,0,0,0,9,9
https://blog.naver.com/PostView.naver?blogId=ysy4283&logNo=222678177890,국민육아템 에어맘 분유포트 후기 좋아요,20220320,에어맘 리뷰,에어맘,"사랑하는 우리 아기를 보았습니다^^ 경기도 분당에서 아이를 낳았고 용인에서 산후조리원을 들어갔다가 이제는 집으로 돌아왔네요 아이가 너무 예쁘고 사랑스럽지만 첫째, 둘째 이번이 셋째를 출산하니 역시나~! 똑같이 귀엽고 앙증맞고 딱 내스타일이지만 그래도 아기랑 24시간을 붙어있으니 무척이나 피곤하고 힘이듭니다. 그래도 그나마 아이분유를 먹이는데 참다행스럽게 좋은 국민육아템 에어맘 분유포트를 알게되어서 한시름덜었습니다 (분유를 편하게 만들수 있다는 작은기쁨) ★터치한번으로 분유를 만들 수 있는 기적을 보았습니다^^ (완전 대박) 출산과동시에 아주살짜 정말 편했다가 아이가 집에오는순간 ㅎ 당일부터 시작되는 전쟁^^;;; 아이는 울기시작하고 ㅠ 남편은 도와주지만 그래도 미칠것 같고 분유가 늦게오면 더더욱 보채기시작하고 ㅠ 정말 배속에 있었을때가 편했다는 육아교육서가 와닿는 정말 힘든 시기를 보내게됩니다;;; 그렇기때문에~! 분유는 누구보다 빠르게 남들과 다르게 신속 정확하게 탁하면 탁 와야되는법! 분유포트가 있으면 정말 빨리 해서 오기때문에 짜증과 울음을 멈출 수 있답니다 그래서 ㅎ 실제로 분유를 타면서 언제 밤이되었지? 언제 새벽이 되었지 ㅠ 조금 쉬다가 집안일하다가 빨래하다가 아기보다가 이것저것 조금하면 벌써 남편이 퇴근시간 허걱~!;;;; 나 뭐한거냐? 이렇게 하루하루 시간들이 지나갑니다 아이는 예쁘지만 그 과정은 매우 고통스럽기도하고 힘들기도하고 ㅠ 그치만 ㅎ 그렇게 힘든데 아기가 한번 움직이며 살짝 웃어주면 그렇게 큰 기쁨이~!  아주 잠시 3초의 행복으로 버텨봅니다 만약 단유를 하는 분들이라면 분유포트기는 완전 육아 필수템이라고 말씀을 드리고싶네요~! 없는것과 있는것은 하늘과 땅차이만큼이나 정말 편합니다. 특히 진짜 졸리고 너무 힘들때 사소한것 하나하나가 정말 심히 필요하지요 분유가 그래요 ㅠ 바로 만들어서 갈 수 있어서 진짜 편합니다 자 그렇다면 오늘 제가 선택한 에어맘 분유포트에 대해서 한번 알아볼게요 어떻게 생겼나 매우 기대를 하면서 뜯어보았네요 국민육아템으로 불리는 에어맘 분유포트 후기를 남겨봅니다 자 우선 제가 선택한 분유포트기는 AMK-1700이라고 하네요 이번 에어맘 분유포트는 자동 출수형으로 2세대 업그레이드 제품이라고합니다. (좋아좋아 ㅎ) 바로 ㅎ 개봉을 해보도록 하겠습니다 ㅎ 필요한 부유포트 빨리 사용해봐야지 기대하면서 뜯어봅니다. 처음뜯자마자 포장과 보호가 잘된 스트로폼이 보이네요. 딱맞게 되어서 제품이 흔들림이 없을것 같아서 좋아보입니다. 음 ㅎ 포장상태 최고 ★구성품 정보 국민육아템 에어맘 분유포트 본체 1개와 받침대 1개 세척할 수 있는 솔1개와 제품설명서 총 4가지가 들어가 있는지 확인체크 완료~!   빠르게 ㅎ 제품 주의사항과 작동방법 등 제품설명서를 본 다음 분유를 바로 투입하도록 하겠습니다. 요즘 티비에서 유행하고 ㅎ 잘 판매하는 버튼 한번으로 자동으로 물이 나오는 정수형인것 같습니다. ★35ml 정량 출수가 가능(버튼한번으로) 쉽게 분유를 만들 수 있어서 매우 편리 (국민육아템 분유포트 후기를 남겨봅니다) 주의사항을 읽어야만 제품을 제대로 사용할 수 있으며 나아가 사용자의 생명을 지킬 수 있기때문에 반드시 필독하시기를 부탁드립니다. 특히 전기제품을 사용할 경우 1. 젖은 손으로 절대로 전원플러그를 만지지않습니다 (자칫 감전사고) 2. 제품사용자께서는 절대로 분해 및 수리 등 개조를 하지않기를 바랍니다 (제품사용시 화재 및 감전사고가 날 수 있으니 조심) 분유를 빠르게 ㅎ 만들기 위해서는 조작부를 필수로 읽으셔서 어디를 어떻게 터치를 해야할지 알아야합니다. 자 간단하게 한번 알아볼까요? ㅎ (자세한것은 사용설명서 참고) 조작부에는 자동, 냉각, 잠금 그리고 전원버튼과 보온 그리고 출수가 있습니다. 1. 전원 : 버튼을 누르게 되면 LED점등이 되면서 다른 기능버튼을 누를 수 있습니다 ** 5초 이내에 기능버튼을 누르지 않을경우 잠금상태로 들어갑니다 2. 잠금 : 전원이 켜져있고 5초이내 아무것도 안하면 자동으로 잠금으로 들어감 ** 잠금활성화 상태 체크 : LED등 점등되어있음 <- 취소는 2초간 잠금버튼을 누르고있으면 해제 3. 자동 : 누르면 LED 점멸 (깜빡 깜빡 들어왔다 안들어왔다) ""살균자동분유""모드 작동 **물 100도 3분 가열 후 쿨링팬 작동으로 빠르게 43도 물온도로 맞춤, 적정 분유온도 맞춤 4. 냉각 : 내릴 물온도, 설정온도를 설정하고 난뒤에 현재 분유포트 물온도가 높을경우 설정한 온도로 빠르게 내려가기위해서 냉각 작동, 냉각팬 작동 5. 보온 : 버튼 누르면 LED 점등되면서 원하는 온도설정 가능  **온도설정은 설명서 참고 6.  플러스 마이너스 버튼 : 보온 온도설정 40도에서 90도, 온도설정가능 7. 출수 : 누르면 LED점멸되며, 자동으로 출수 ** 1회 버튼 짧게 누르면 정량 35ml 나옵니다. ★길게 누르면 누르고있는 동안 물이 계속해서 나옵니다 자 이번에는 ㅎ 거치대를 한번 뜯어서 결합시켜보도록 하겠습니다. (너무 어렵게 생각하지마시고 ㅎ 설명서를 보시면서 하나하나 차근차근 배워가면 쉽습니다) 제품이 쉽게 나와서 생각보다 어렵지 않아요 결합 완료 ^^ 그냥 벗겨서 제품을 위에서 아래로 탁하고 천천히 내리면 맞습니다. 저 받침대 위에다가 분유를 열고 놓은다음 물을 받아서 타면 모든것이 완벽! 물이 닿는 분유포트 뚜껑 그리고 토출구가 스테링레스 316으로 제작되었습니다. ★스테인레스316은 의료용으로 등급이 높으며 부식에 강합니다 앞서 많은 장점들을 말씀을 드렸는데 이밖에 에어맘 분유포트만을 선택해야하는 이유! 비글세마리 육아하는 엄마가 선택한 이유에 대해서 이야기를 해볼려고합니다. 1.  맘카페 및 블로그에서 분유포트 후기가 많고 국민육아템이라는점 2. 제품을 구매한 뒤에 (집으로 배송) 산날짜로 AS시작이 아니라 출산일에 맞게 AS기간이 시작된다는점 ★진짜 대박입니다. 제품구매일이 아니라 출산일부터 시작이기때문에 진짜 너무 멋진 일입니다. 3. 1.7L 넉넉한 물을 넣을 수 있기에 용량이 마음에 드는점 (좋은 기계라도 물넣는 용량이 작으면 ㅠ 매번 넣어야하는 번거로움이 발생하기 때문에 1.7L 정말 좋은 것 같습니다.) 4. 세척관리가 정말 나름 편하다는점 (청소 및 관리주기) 매주 자동출수사용하여 자동열탕살균소독 진행하면서 편리하게 끝 ㅎ 1. 물을 탱크에 반보다 조금더 많이 넣고 2. 500ml 컵을 준비한다음 출수구 하단 거치대 위에 놓는다 3. 자동 열탕살균버튼으로 끝~! ** 잠금 플러스 전원버튼을 2초간 동시에 누르면 됩니다 ★자동열탕살균 : 물 100도로 3분동안 연속가열 후에 출수구를 통해 뜨거운 물을 내보내서 살균 정말 사용하면 사용할수록 편하게 한번터치로 맞출 수 있어서 너무 편합니다. 없었을때는 어떻게 분유를 했는지 모를정도로 비교 불가 ^^* 출산한다고 아픈손목 (손목보호대 착용) 그렇기 때문에 주전자 및 전기포트로 언제 일일이 뜨거운물 부으고 애기가 먹기좋게 온도 맞추고 ㅠ 엄청 너무 힘듬 (생각도 하기싫어요 ㅠ 너무 힘들었어요 ㅠ) ★한손으로 들수 있을 정도로 ㅎ 분유포트가 엄청 가벼워요 (경량화) 남편이 들었나 놨다 했는데 엄청 가벼워요~! ㅎ 여성분들도 가볍게 제품을 움직 일 수 있어서 매우 놀람 특히 ㅎ 엄마들은 그래도 할 수 있는데 남편들은 뭐가 뭔지 ~! 잘 모를 수 있기에 우리남편도 셋째를 보는것이지만 분유타는법 모른다고 ㅎㅎ 하나부터 열까지 알려주었는데 이제는 터치만으로 가지고 오니까 세상편리하다고 언제 이렇게 좋아졌냐고 그러더라구요 ㅎ (저도 완전 굴둑 마음으로 인정 ㅎ 좋아요) 그리고 제품이 매우 깨끗하고 인테리어효과까지 볼 수 있어서 ㅎ 정수기가 있다면 그곳옆으로~! 없다면 저와같이 식탁위에 놓고 사용하면 딱 좋아요. 그리고 제품이 엄청 가벼워서 잘들어진다는점! 자 이제 ㅎ 분유를 만들어볼까요? ㅎ 하나씩 준비하면서 해보도록 하겠습니다. 여러분들에게 보여드릴려고 하나씩 한다음 사진촬영했다는점~! 잘모르시는분들은 무작정 따라하시면서 버튼을 누르면 끝난다는 사실을 알려드리면서 해보도록 하겠습니다. (한번사용하면 정말 편한 국민육아템 에어맘분유포트 후기) 분유통과 젖병을 준비하고 ㅎ 1단계 신생아 분유를 퍼옵니다 아기마다 얼만큼 먹을지는 모르지만 ㅎ 그에 용량맞게 만들어주면 준비 끝! 빠르게 준비 끝~! ㅎ 젖병에 분유를 넣으면 끝났습니다. 이제 버튼을 눌러서 물을 넣고 휘리릭 만들어주면 분유 만들기 끝! (너무쉽죠? 진짜 이게 답니다 ㅎ 더이상 분유만들기 어렵지 않아요) 짠 ㅎ 국민육아템 에어맘 분유포트 후기 분유만들기 끝! 아이를 낳게되면 몸이 참 많이 안좋아지는데 이때 분유를 한번의 터치만으로 만들 수 있는 획기적인 ^^ 정말 사용해보면 아 너무좋다라고 말이 나오는 제품! 저는 상당히 만족스럽고 ㅎ 개인적으로 분유포트이긴한데 맛있는 차라든지 커피를 먹어도좋을 온도설정~! ★가볍게 커피나 차를 마셔도 좋을것 같아요(온도설정가능) 동영상을 보시면 아시겠지만 정말 너무 편해서 할게없다는거~! 특히 엄마들보다 남편들이 더 좋아할 수 밖에 없는 제품이라 완전 선택하기를 너무너무 잘했다고 생각이 듭니다. 제품을 한번이라도 사용하신다면 절대로 ㅎ 예전으로 돌아갈 수 없다능~! 여러분 ㅎ 정말 너무 쉬워서 너무 마음에 듭니다. --------------- 오늘도 이렇게 비글세마리 육아하는 엄마 블로그에 와주셔서 대단히 감사합니다. 분유포트 실제로 제가 사용하고있는 제품으로 찐하게 분유포트 후기를 남겨봅니다. 괜히 국민육아템이 아니라는것을 다시한번 느껴봅니다~! 오늘도 즐겁고 편온한 밤되시기 바랍니다 (아이가 푸욱 잠을 자면 손원이 없겠어요 ㅎ)",4697,44,"['에어맘 분유포트 좋아요', '안전을 위한 주의사항 필독', '조작부 사용설명', '스테인레스 316 사용', '에어맘 분유포트 장점']",5,https://postfiles.pstatic.net/MjAyMjAzMjBfNzcg/MDAxNjQ3Nzc0MjMxMzE4.lS69gbD9KmaTBZYLCmq9qJptv9yveqNypedgwDAsOf4g.Z7DnFq8RN96lGbEwPoZ7pS8GUOGUDkm4GYxuRhQ6dvkg.JPEG.ysy4283/20220310_134217.jpg?type=w773,https://postfiles.pstatic.net/MjAyMjAzMjBfMTg5/MDAxNjQ3Nzc5MTQzMTMz.5agFGm5-ZfQHjL-3zM-Wuye6LEOrfJDOwotjtiwbPXUg.vn54CKmsQz56QhnuAzbTySklgStQBxLjxwqtiIHU7IQg.JPEG.ysy4283/20220320_212535.jpg?type=w773,42,0,1,0,0,0,0,0,0,0,0,0,0,9,0,0,0,1,0,0,0,0,0,0,0,0,1,0,0,0,0,0,0,0,0,0
https://blog.naver.com/PostView.naver?blogId=misskim616&logNo=222706255715,신생아준비물 에어맘 국민분유포트 후기,20220420,에어맘 리뷰,에어맘,"안녕하세요 둘찌맘 미스킴이예요  뱃속 땡큐는 소리소문 없이 무럭무럭 자라서  벌써 8개월이 되었네요 ? 남의 아기도 빨리 크는거 같은데 내 애기도 빨리 크는느낌 벌써 아기용품을 조금씩 조금씩 마련하고 있어요  예전에 첫찌때 썼던 포트는 들어서 물을 부어야 하는데 신생아 케어할때 관절들이 다 늘어나가지고  손목발목 안아픈데가 하나도 없더라구요  첫찌가 있어서 모유수유를 할수 있을지 모르겠고  일단 저는 무조건 혼합수유로 갈것이기 때문에  분유포트는 무조건 필요했어요 3년전 떠이를 낳을때랑 달라진것이 바로 출수형 국민분유포트가 있다는것! 가장 유명하고 엄마들 사이에서 입소문이 자자한 에어맘으로 초이스 했답니다  첫째가 쓰던 분유포트가 아직도 집에 있지만 요즘에는 주전자형을 안쓰고 다들 출수형으로 쓴다더라구요 첫째 낳을때도 출수형 있었으면 무조건 출수형!! 주전자 드는것도 손목에 무리가 얼마나 가는지 ㅠㅠ 첫찌 낳을때 손목에 항상 손목보호대를 하는데도 욱신욱신 시큰시큰 분유주전자마저도 힘겹게 들었던 기록이 새록새록해요 ~ 그래서 이번에 신생아준비물은 무조건 출수형으로!! 초산인 엄마들은 분유포트 고민하지 마시고  출수형으로 선택하세요 ! 내 손목도 지켜주고 신세계가 열린다구요  제가 첫째때 쓰던 주전자형 분유포트는  영구보온이 안됐어요 !! 주전자형은 24시간이 지나면 꺼져버리기 때문에  매번 다시 데워줘야 하거든요 그래서 애 분유줘야 하는데 전원이 꺼져 있어서 완전 난감했던 적이 한두번이 아니었어요 애는 울지, 주전자는 꺼져있지 화가났던 적도 많았어요  그래서 급하게 물을 끓였다가  차가운말 타서 온도 맞춰서 준적이 여러번 있었던거 같아요  일단 영구보온이 된다고 하니 물이 꺼질일이 없고 새벽수유하다가 물꺼지는거 발견하면 진짜  그때 그 식은땀 ... ㄷㄷㄷㄷ  이럴일이 없어서 일단 너무 좋겠더라고요! 그리고 급하게 또 물을 끓이고 식혀야 할때는 에어맘 국민분유포트기에는 급속 쿨링팬이 있어서  좀 더 빠르게 식힐수 있으니 맘마 기다리는  우리 신생아에게 신속하게 맥일수 있다는것이 장점! 영구보온 자체만으로도 에어맘 국민분유포트를 선택해야할 이유는 충분하다 생각되요  이 제품을 만든 분은 육아를 해본자다 생각이 들더라고요 제품은 이렇게 본체와 물받이 그리고  노즐을 청소 할수 잇는 청소용품 이렇게 세개  굉장히 간단하더라고요! 그리고 조작법도 굉장히 쉬워서  저처럼 노산에다가 기계조작이 어려운 엄마들도 쉽게쉽게 조작할수 있어요! 그리고 요즘은 갬성이 대세이기 때문에  엄마들이 맘마존 자랑도 많이 하잖아요 맘마존 자랑에 일등공신일것 같더라고요 깔끔한 디자인 슬림한 디자인이  주방인테리어를 망치지 않을것 같아 보였어요! 설명서도 간단하고 눈에 한눈에 들어오게 되어 있어서 완전 기계치인 저도 한번 정독으로 마스터! ㅋㅋㅋ 물이 뚝뚝뚝 떨어지면 어쩌나 했는데  미니미니한 물받이 사이즈가 너무 귀엽더라구요 위치만 맞추면 거의 흘리진 않긴 하겠더라구요 청소가 많이 필요한 부분은 아닌것 같았어요~ 저는 맘마존이랄게 딱히 없고 집에 싱크대 구조가 모서리를 향한 요상한 구조라 맘마존이라고 할 곳이  딱히 없었어요 ㅠㅠ  싱크대와 가까이 위치해있는 곳에 두어야 하기 때문에  오픈되어 있는 주전자입구에 혹시나 먼지나 이런게  들어가면 어쩌지 하는 노파심이 많이 들었는데  완전 밀폐형 구조라서 먼지 한톨 안들어가겟더라구요!ㅋㅋ 그리고 뚜껑도 스테인레스로 제작되었기 때문에  혹시나 있을 환경호르몬의 대한 걱정에서도 벗어날수 있을것 같았어요! ㅋㅋ 내부도 스테인레스고요  스텐 316으로 제작이 되었는데요  내솥, 그리고 뚜껑 토출까지 모두 스텐316으로 제작되었는데 이것은 에어맘이 유일무이해요! 스텐316은 의료용이라서 안전하구요  KC인증 뿐만 아니라 전자파적합 인증까지 이정도면 이것은 정말 육아를 하신 분이 제작하신것 ㅋㅋ 이렇게 아이와 엄마까지 생각하면서  안전하게 제작을 하시다니 감탄했어요 국민분유포트라고 이름 붙일만해요! 처음에 물수위를 못보는 줄 알고  에어맘의 단점은 이거구나 했는데  옆에 보니 뚜껑을 열지 않아도 물이 얼마나 남았는지 체크를 할수 있어요!  그리고 손잡이가 있는 구조에다가  보기에는 조금 무게감이 나가 보이지만 물을 비우면 고작 1kg대밖에 안되기 때문에  특별하게 오랜시간 머물러서 수유가 필요할때는 챙겨 갈수 있어서 좋겠더라고요! ㅋㅋㅋ 거기까지 고려해서 요렇게 제작하신것 같아요 진짜 엄지엄지척!!!! 조작 버튼은 총 8개로 되어 있어요  자동/ 냉각/ 잠금/ 전원/ 버튼/ 출수  전원 버튼을 누르고 물을 넣고  자동 버튼을 누르면 100도에서 3분 정도 가열하고  그리고 43도로 식혀서 영구보온이 가능한대요 이때 빨리 식히길 원하면 냉각 버튼을 눌러주면 되고요! 여유가 있다면 자연적으로 식혀줘도 되고요^^ 스테인레스이기 때문에 처음에는 연마제 제거를 권장하시더라고요 연마제제거를 한 다음에  그리고 자동열탕세척을 하면 되는데요! 자동열탕청소로 내부 배관을 청소 할수 있고요 요거는 매주 해주는게 좋다고 하는데 정말 간단해요 물을 넣고 전원 + 잠금 버튼을 2초동안 누르면 100도에서 3분정도 가열된다음에 물이 자동으로 출수되서 정말 간단해요  왠만한 게으름뱅이도 매주 할수 있을것 같은 ㅋㅋㅋ 열탕살균소독은 구연산을 넣어서 수동 출수로  물때 청소를 격주로 해주면 되는데요 굉장히 간단하기 떄문에 이것도 어렵지 않아요 이렇게 관리하면 따로 세정제를 사용해서  청소하지 않아도 깔끔~하게 사용이 가능하다고 하네요 주전자형은 그냥 한번 끓이고 벅벅 닦으면 되니깐 청소가 쉽다고 생각할수 있고 출수형은 노출이며 배관이며 청소가 어렵다고 생각할수 있는데  노노, 사용해보니 오히려 더 간편하더라구요! 청소모드로 해놓고 다른일 하고 있으면 알아서 출수 되기 때문에 물만 버리면 끝! 진짜 간편하다 간편해~~~ 물줄기도 힘있게 쫙쫙 잘 나오더라구요! 아주 만족스러워!! 집에 아직 젖병이 없어서 떠이 빨대컵으로  일단 테스트를 해보았는데요  조리원갔다가 집에 오는거 생각해서 160으로 분유를 한번 타보기로 했어요  1스푼에 출수버튼 한번이라고 생각하면 되는데요  물이 대략 35ml이라서 분유랑 합쳐지면 40ml라고 생각하시면 되요! 국내분유는 분유를 넣고 물을 맞춰서 타기 때문에  요렇게 물량만 맞춰주면 되구요! 수입분유를 먹이시는 분들은  출수버튼을 꾹~ 눌러주면 물이 연속으로 나오니깐 그렇게 맞추고 분유를 타면 될것 같아요! 상황에 따라 조절이 가능하니 참으로 똑똑한 국민분유포트인것 같아요! 잠금해제 버튼을 2초 눌러주고  출수버튼을 네번만눌러주면 끝! 진짜 너무너무 간편하더라고요 역시 육아는 템빨인것 같아요 ㅋㅋㅋㅋ 160 와 싱기방기!! ㅋㅋ 진짜 밤에 두눈 비벼가며 새벽수유할때  막 불켜서 물 체크하지 않아도  버튼만 띡띡띡 누르면 되니깐 짱 편할것 같아요 이거슨 혁명!!!! 임산부 출산준비선물로 선물해줘도 너무 좋을것 같아요  저는 정말 대대대만족 ㅋㅋ 오늘도 편육~(편안한육아) 하세요 ㅋㅋㅋ",3406,18,['신생아준비물 에어맘 국민분유포트 후기'],1,https://postfiles.pstatic.net/MjAyMjA0MjBfMTYg/MDAxNjUwNDI5NjM0ODAx.3IhLuCYmXSHPtAhZovvsmmnWPYw5WtvaYfcT8EmP6MMg.y8HbjPBSCW2qvmfZmnjgKvXfaqXmOJp40eVlsR51ZjYg.JPEG.misskim616/IMG_2701.JPG?type=w966,https://postfiles.pstatic.net/MjAyMjA0MjBfMjA0/MDAxNjUwNDMxOTIyNTU2.mloJ-yur95PMbRKQtBoM2bDzvAfVATlHVI85LaHVtP8g._UkseHP7Pt6z9jlaZrgtZfiG_wzkT74c4LHHlksNw4Yg.JPEG.misskim616/IMG_2700.JPG?type=w966,18,0,0,10,10,5,1,1,0,0,0,0,0,2,2,0,0,1,1,0,0,0,0,0,0,0,0,0,0,0,0,0,0,0,9,9
https://blog.naver.com/PostView.naver?blogId=chuprincess&logNo=222673828945,에어맘 분유포트 후기 국민육아템 답네요!,20220317,에어맘 리뷰,에어맘,"오늘 소개 할 국민육아템, (두구두구두구) 바로~ 에어맘 분유포트 후기 입니다. 저는 벌써 출산 한 지 1년 가까이 지났는데 진짜 신기한 게 그 1년 사이에도 육아템들이 정말 많이 진화하고, 새로운 제품도 많이 나온 것 같더라고요! 이것저것 사용해보면서 느낀 점은 뭐든지 자기가 잘 쓰는 게 제일 좋지만 국민육아템 구매하면 일단 후회는 없다는 거 ㅋㅋㅋ 그런 의미로다가 오늘은 에어맘 분유포트 후기를 남겨볼게요 :) 요건 자동 출수형 2세대 분유포트 인데요. 일단 너무 깔끔하고 이쁘게 생겼죠? 하얀색의 깨끗한 컬러감 길쭉하고 심플한 디자인 맘마존에 정말 잘 어울리는 제품이예요! 저는 여러가지 사용해보니 정수기처럼 버튼만 꾹- 누르면 정량의 물이 나오는 출수형 제품이 제일 편리하게 느껴지더라고요. 그래서 출산 앞 둔 친구들한테도 출수형 구매하라고 엄청 추천하는 중인데, 그 중에서도 에어맘 분유포트는 한 번 누르면 35ml가 정량출수 되기 때문에 40ml 분유를 정말 쉽게 태울 수 있어요! 한 번에 40ml씩 출수 되는 건 외국분유 태울 때 편하긴 하지만 저는 한국분유가 훨씬 좋다고 생각해서,, 어쨌든 한국분유는 가루까지 태운 후 양을 맞추기 때문에 35ml씩 출수되는 게 더 편하더라고요. 4스푼 넣고 4번 물 넣으면 딱 맞음!!!! 완전 편해요! 사용해보니 왜 국민육아템 인 지 알 것 같은 느낌적인 느낌쓰 진작에 알았으면 수유기간이 좀 더  편안했을 텐데, 물 양 맞추느라 무거운 물통 들고 덜덜 떨었던 세월이여,,ㅠㅠ;; 너무 늦게 사용한 것 같아 아쉬웠어요. 1.7리터 대용량이라 한 번 가득 채워 끓이고 식혀두면 하루종일 충분히 수유가 가능해서 정말 더 더 편했어요. 솔직히 분유포트 후기 쓰면서 이렇게 만족했던 적이 없는 것 같은데, 예쁜 디자인만큼이나 편리한 사용법 그리고 엄청난 대용량 덕분에 수유가 너무 편리해져서 너무 좋네요! 에어맘 분유포트 본격적으로  사용하기 이전에 깨끗하게 연마제부터 제거 해 줍니다. 요건 모든 스테인레스  제품에 동일하게 키친타올에 식용유를 떨어트려 슥슥삭삭 까만 연마제가 더이상 묻어 나오지 않을 때까지 닦아 주시고요. 그 다음 식초나 구연산을 넣고 몇 번 끓이고 빼내는 과정을 반복해 노즐까지 깨끗하게 안심하고 사용할 수 있도록 해주면 됩니다. 빨대솔 같은 게 함께 포함되어 있어서 요걸로도 가끔 청소해주시면 좋겠네요. 에어맘 분유포트는 스테인레스 내솥을  사용하기 때문에 기존에 유리 포트 쓰시다가 깨짐 등의 현상을 겪으신 분들은 정말 좋다고 느끼실 수 있을 거예요. 뜨거운 물이 팔팔 끓는데 혹시나 유리가 깨지기라도 한다면 정말 큰일이잖아요. 에어맘은 의료용 등급의 고급 스테인리스를  사용하고 있는데 녹 걱정 없이, 깔끔하고 안전하게 사용할 수 있어 정말 좋은 것 같아요 :) 밀폐형 설계로 사용중에 먼지가 들어갈 일도 전혀 없고! 알아서 살균 소독 다 해주니  아이에게 먹일 분유, 안심하고 태울 수 있을 것 같다는 강력한 믿음이 생기더라고요. 저 같은 경우에는 정수기 물이더라도 무조건 백도로 팔팔 끓이는데요. 그래야 물속에서 살균도 되고 특히나 신생아들 배앓이 하게 만드는 염소도 제거가 되기 때문이예요. 이게 문제는 급할 때 물 끓이고 식히는  시간이 오래 걸려 제 때 수유하기가  힘들다는 건데, 에어맘 분유포트 사용해보니 급속 쿨링팬 때문인지  정말 빠르게 다시 식더라고요. 쿨링팬은 껐다 킬 수 있는데 키면 빨리 식는 대신 약간의 소음이 발생해요. 그래서 급할 때만 키고 써도 되고, 저는 그냥 소리 나든 말든 빨리 식혀 언제든 먹일 수 있게 해준답니다. 사용설명서 읽어보니 일주일에 한 번 정도 간단하게 소독하고 이주에 한 번은 꼼꼼하게 세척하라고 적혀있더라고요. 격주에 한 번이면 크게 귀찮지 않은 선에서 세척하는거라 잘 지킬 수 있을 것 같았어요. 제가 아무리 프로귀찮러라도 아가용품들은,, 꼬박꼬박 열탕소독도 하고 나름 신경을 쓰거든요 ㅠ_ㅠ 프로귀찮러라 물 끓이는 걸 깜빡할 때가 있는데 요럴 때 영구 보온 기능도 아주 유용하게 쓰이는 중이랍니다. 항시 대기 43도 보온이 유지 되기 때문에 밤수 할 때도 스피디하게 찹찹찹- 40도에서 90도 사이 1도씩 조절해서 온도를 설정할 수 있는데 저는 보통  45도로 설정해두는 편이예요. 그냥 두면 잠금기능이 설정되는데 2초이상 길게 누른 후, +-버튼으로 온도를 설정하시면 됩니다! 사용방법이 정말 간단하죠? 전원부터 보온, 출수 등 모든 기능을 터치 한 번으로 할 수 있기 때문에 정말 편하게 사용할 수 있어요. 넘 간단하지만 혹시 모르겠다면 사용설명서 한 번 만 읽어보셔도 쉽게 익히실 수 있답니다^^ 뚜껑까지도 환경호르몬 걱정없이, 마지막에 물이 닿는 토출구까지 의료용 스테인리스를 사용해서 우리 아이 분유 먹는 내내~ 안전하도록 지켜주니까 국민육아템 답다는 생각이 들어요. 너무 만족스러운 분유포트 후기 알아보니 100% 국내 a/s처리로 1년 무상 보증 가능하다고 하니 더 믿음직스럽고, 출산선물로도 좋겠다는 생각이 마구마구 들었답니다.",2450,22,[],0,https://postfiles.pstatic.net/MjAyMjAzMTZfMzMg/MDAxNjQ3MzU3MzAxOTYx.PcNmiUJZbJlNvEwsetkRXephnG7oU0TIKjW_DGOT9isg.w9AD940a2Pk-Ej8JWYuYbNJjxv_QPV3BcGnzZgKwCCYg.JPEG.chuprincess/20220313_183648.jpg?type=w966,https://postfiles.pstatic.net/MjAyMjAzMTZfMjk1/MDAxNjQ3MzU3MzA3MDI4.UH9Za9l58wgKucPZptdpLLZun67g4L_Kd8Fjtz3WD0og.Sb6EyKhTQC1D5FvbDa_6u1k9weLe8fhbChZ0ifnVMkgg.JPEG.chuprincess/20220313_183623.jpg?type=w966,19,1,0,1,1,1,0,0,0,0,0,0,0,2,1,0,0,0,0,0,0,0,0,0,0,0,0,0,0,0,0,0,0,0,0,0
https://blog.naver.com/PostView.naver?blogId=lovekyong88&logNo=222672243538,에어맘 분유포트 후기 유용한 출산산모선물,20220314,에어맘 리뷰,에어맘,"아이를 낳고나면 여기저기서 선물이 많이 들어와요. 대부분 아기옷이 많은데 그런건 엄마 취향을 타기도 하고 아기가 금방 금방 크는데 한두번 입히면 못 입히게 되어 아쉽더라고요. 허니홍차도 둘째를 준비중이라 출산산모선물로 받았으면 좋겠다 싶은게 뭐가 있을까 생각해보니 편리하게 사용할 수 있는 분유포트더라고요. 출산을 앞두고 분유포트 후기 많이 찾아보실텐데 허니홍차도 많은 고민 끝에 선택했었거든요. 출산후에 안그래도 온 몸이 약해져 있는데 그런 손목으로 1L는 족히 들어가는 분유포트를 하루에도 몇번씩 들었다 놓았다 힘들어요. 반복하면 손목이 시큰시큰 하거든요. 그래서 버튼 하나로 물을 출수 할 수 있는 분유포트 있으면 좋겠다 했는데 있더라고요. 바로 에어맘 분유포트인데요. 엄마의 손목을 보호해주니 출산산모선물로도 딱이에요. 기존에 우리가 흔히 생각하는 분유포트와는 디자인부터가 달라요. 자동 출수형 2세대 분유포트로 35ml 정량을 출수하기 때문에  40ml 분유를 쉽게 탈 수 있어요. 사용전에 우선 설명서부터 꼼꼼하게 읽어주고요. 사용법은 물론이고 사용 전에 세척에 관한 것도 숙지해줍니다. 원래 스테인레스는 구입 후 식용유를 키친타올에 묻혀 닦아줘야 하거든요. 키친타올로 연마제가 나오지 않을때 까지 닦아줘요. 연마제는 키친타올에 검게 묻어나옵니다. 그 후에 베이킹소다나 식초를 넣고 물을 끓인 후에 출수 버튼을 눌러 물을 모두 빼주고요. 그 이후에 베이킹소다나 식초를 제거해주기 위해 깨끗한 물을 넣고서 1~2회 물을 빼줍니다. 미리 분유포트 후기를 찾아보니 온도 유지가 되고  출수되는 양이 35ml로 정확해서 40ml 분유를 쉽게 탈 수 있는 것이 장점이라고 하더라고요. 받침대도 연결해주고요. 설명서에서 본 것처럼 스테인레스 부분은 식용유를 묻혀서 깨끗하게 닦아줍니다. 닦아보니 검은색 연마제가 묻어나오지 않더라고요. 그 다음은 물을 채우고 베이킹소다를 넣어서 한번 더 세척을 해줄거에요. 물이 1.7L로 넉넉해서 한번 채워놓으면 하루 이상 충분히 사용이 가능해서 좋아요. 영구보온이 되기 때문에 물이 계속 설정한 온도로 보온이 되고요. 오일로 닦아낸 후에는 소다를 넣고 끓여줬어요. 스테인레스 316로 제작하였기 때문에 믿고 사용할 수 있지만 세척 후 사용합니다. 자동 버튼을 선택해서 100도까지 끓인 후에 출수 버튼을 눌러서 베이킹소다가 들어가있는 출수해줍니다. 사용법과 청소 및 관리 하는 법에 대해 써져있어요. 퀵 메뉴얼 하나면 보면 설명서를 굳이 보지 않아도 되겠더라고요. 안전을 위하여 출수는 계속 누르고 있어요 물이 나와요. 출수 버튼을 한번만 누르면 35ml만 출수가 됩니다. 베이킹소다로 세척을 한 이후에는 깨끗한 물을 부어서  출수 버튼을 눌러서 세척해주고요. 두세번 깨끗한 물을 붓고 출수하는 과정을 거치면 깨끗하게 사용할 수 있어요. 미리 에어맘 분유포트 후기에서 본 것처럼  물통에 물을 채우고서 자동 버튼을 누르면 100도까지 물이 끓은 후 냉각 기능을 이용해서 물을 빠르게 식혀줘요. 아기를 키워보신 분들은 아시겠지만 아기가 분유 먹는 텀이 2시간, 4시간 이렇게 정해져있긴 하지만 전 타임에 적당량을 먹지 못했을 경우에는 금방 배가 고프다고 울거든요. 그럴때 물이 똑 떨어졌다면 발이 동동~ 인데요. 이럴대 에어맘은 물을 100도까지 끓여준 후  쿨링 기능을 통해 체온과 가까운 40도까지 빠르게 내려줄 수 있어 좋아요. 초보 엄마를 위해 출산산모선물로 딱이죠. 버튼을 4번 누르면 총 140ml의 물이 나오고요. 여기에 40ml 분유를 4번 넣으면 총 160ml의 분유가 조제돼요. l  무거운 분유포트기를 들지 않아도 적절한 양을 배출해주어 간편하게 사용이 가능해요. 40ml를 조제할때에는 분유를 포함한 양이기에 35ml가 추출되면 맞고요. 80ml를 조제할때에는 70ml가 추출 됩니다. 1스푼에 버튼 한번을 누르면 돼요. 초보 엄마들이 은근 분유 횟수를 헷갈려 하는데요. 에머맘 분유포트 후기 보고 구매하신 분들은 그런 걱정 안하셔도 될거 같아요. 엄마의 손목도 지켜주고 배고픈 아가의 투정도 빠르게 잠재워주는 에어맘 출산선물로도 아주 좋겠어요. 제품을 지원받아 작성한 솔직한 후기입니다.",2040,19,[],0,https://postfiles.pstatic.net/MjAyMjAzMTNfMTQy/MDAxNjQ3MTcyMDUyNzQy.VayYC_iNrhGjJDOpFiZv8MoxvD7QE6ZmrmuiKTTlrl0g.x_vIpoCXpSXnK4f1819WSsgGe4neliMTMRJq8A1_DbMg.JPEG.lovekyong88/SE-b9f4c502-a4fb-415f-b999-9d077a37f986.jpg?type=w773,https://postfiles.pstatic.net/MjAyMjAzMTNfMjQ0/MDAxNjQ3MTcyMTE5MTMx.VVB7fwboz8Xuhoic6lFCTBDn8CWYZ1SoY_7lOpPVHccg.UExw0VIEl2enzdF6ndZXJ0jzar85Rd1fxgHpw-7Hl90g.JPEG.lovekyong88/SE-44b30ffa-09c9-4310-bf6e-dead1999cf4e.jpg?type=w773,29,1,0,0,0,0,0,0,0,0,0,0,0,0,0,0,0,1,0,0,0,0,0,0,0,0,0,0,0,0,0,0,0,0,0,0
https://blog.naver.com/PostView.naver?blogId=era10807&logNo=222699739756,분유포트 에어맘 솔직 후기 / 비교 추천 (내돈내산),20220413,에어맘 리뷰,에어맘,"분유포트 하면 잘 알려진 국민템 #에어맘 얼마 전, 친하게 지내는 동생이 나에게 연락이 와서 출산을 하고 모유수유를 하는데 분유를 먹어야 할 것 같다고 말을 하더군.. 그래서 우리는 전화통화로 수다를 10분? 정도 하고 있었는데 이야기 전개가 분유포트에 대해서 흘러가버리면서 어떤 제품을 선택을 해야할지 비교도 해보고 주변 지인들에게 추천을 받아보았지만 마땅히 끌리는 게 없다고 이야기를 했다 일단 나는 내가 몇 가지 사용하고 경험을 해본 정보들을 솔직하게 후기를 말해주었다 나도 솔직히 다른 제품들을 사용할 때 항상 100퍼센트 만족하지 않았고, 70~80% 만족하면서 10~20% 정도 부족한 부분이 매번 아쉬운 부분이 있었기에~ 내 스스로 100퍼센트 만족할만한 제품을 찾는다는게 쉽지 않았다 그러다 내가 에어맘 #분유포트 선택한 이유는 첫째 아이를 출산하고는 1세대 주전자형을 사용했었는데 주전자형은 물울 분유 온도로 보온해 주고 유리로 되어 있어서 내부 확인을 한눈에 할 수 있는 장점이 있어서 안심하고 사용을 했었지만.. 단점은! 분유온도 40도로 맞춰지지만 타이머 설정의 한계가 있었다 ㅠㅠ 그리고, 주전자형 VS 에어맘 제로 자동출수 분유포트는 버튼만 누르면 분유물이 나오는 출수형 2세대 분유포트로 출산 후 호르몬 분비로 손목이 약한 나한테 가장 무리 없이 사용이 편해서 만족도가 높은 편이었다 사용법은 너무 간편했다 분유포트 상단을 보게 되면 조작부 / 표시창이 있고 조작부 버튼이 있는데, 전원버튼을 누루게 되면 LED 점등이 되어서 기능버튼을 선택을 할 수 있고 - 표시창을 보게 되면 용기내의 물의 온도를 감지하여서 몰 온도가 표시되고 있었다 그리고 5초 이내에 기능버튼을 누르지 않게 되면 모든 버튼이 잠기게 되는데 안전모드로 전환이 되는 거였다! ㅎㅎ 보온버튼을 누르게 되면 LED 점등이 되는데, 이때 내가 원하는 온도를 설정하면 된다 보온 작동 방법은 넘나 쉬움~ 그냥, 표시창에 있는 + / - 버튼을 눌러서 내가 원하는 온도를 설정하면 끝! 참, 보온 온도 설정 범위는 40~90도 까지 가능하다 솔직히 에어맘 분유포트를 선택하기까지 정말 다양한 분유포트를 써봤다 남들은 한 가지 제품만 사용하기도 하지만, 나는 첫째를 키우면서 느낀 점이 많았었기 때문에 물론 둘째를 생각하지도 못했지만 둘째가 태어나고 나서는 첫째를 키우면서 그동안 쌓아왔던 육아 노하우? 스펙이 업됐기 때문에 어떻게 하면 간편하게, 몸에 무리가 가지 않게 둘째를 케어를 할까 많은 생각과 고민도 했다 첫째를 키울 때는 물온도도 맞추기 힘들었고 어떨때는 1세대 주전자형을 사용할 때는 너무 뜨거워서 식히느라 얼음을 받아놓고 젖병에 담겨있는 분유를 식히기까지 했었다 정말 많은 고난과 역경이 ㅋㅋ 근데 이게 한가할 때는 가능하지만, 아이가 빨리 분유를 주라고 보채게 되면 이마저도 정말 너무 힘들 때가 많았다 그렇기 때문에 분유포트는 나에게 신세계였었다 영구보온으로 물이 식어있을 걱정이 없었고 새벽에도 언제든 자다 일어나서 아이가 분유를 달라고 하면 바로 분유온도에 맞는 물 출수가 가능해서 정말 만족하고 사용했다 오랫동안 물이 담겨 있어야 하기 때문에 내솥이 어떤 재질로 되어 있는지 이 부분에서도 다른 제품들과 비교를 해보고 지인이 추천을 하는 방향으로 큰 틀을 잡아보기도 했었다 1. 위쪽이나 후면으로는 먼지나, 주방에서 발생하는 기름 찌꺼기 등의 이물질 유입이 되지 않았다 2. 밀폐형 구조로 아이의 물을 위생적으로 관리를 할 수 있어서 만족했다 3. 자동 열탕 살균 세척 모드가 되어있어서 아주 쉽게 위생 관리를 할 수 있는 장점이 있었다 4. 내솥 / 뚜껑 / 토출구까지 안전하다고 하는 소재인 의료용 스테인리스 316을 사용했다고 해서 믿음이 갔고 안심이 됐다 5. 1.7리터에 넉넉하게 물을 보온할 수 있기 때문에 수유량이 늘어도 걱정이 되지 않았다. 6. 일단 다른 제품을 비교해봤을 때 24시간 보온이 되는 제품들도 있었는데 에어맘 분유포트는 영구보온이 가능했다 7. 국내 분유 제조에 가장 적합한 물 양이라고 할 수 있는 35미리 정량 출수가 가능해서 좋았다 (국내 분유 기준 수유량은 40 = 물양 35ml + 분유 1스푼 5g) 내가 직접 내돈내산으로 사용해본 솔직 후기를 작성하다 보니, 다른 제품들과 비교도 해봤고 주변 지인들에게 추천을 해보니 내말 믿고 따라 사서 후회는 안했다고 주변에서 말들을 많이 했다 그리고, 정말 친한 동생들이나 지인이 있으면 내가 출산 선물로 구매를 해서 보내주기도 했던 경험이 있는데 다들 만족해 했다 요즘은 다양한 리뷰 이벤트를 통해서 네이버 페이를 적립받을 수 있고, 터치형이 대세인 듯... 국민육아템이고 필수육아템이라고 할 수 있는 분유포트! 나름 만족하며 사용하고 있기도 하며 어느 제품과 비교를 하여도 손색없을 정도로 나는 만족했기 때문에 추천을 드려볼만한 제품이라고 생각을 하며 플러스로 또 다른 장점을 이야기 하자면 외출을 하거나 여행을 갈 때 물을 비워서 손잡이가 있어서 들고다니기 간편하다는 장점이 있다 ㅎㅎ 그럼 이만x1000 쿨~하게 인사하며 둘째 케어하로 ㅋㅋ",2487,13,"['에어맘 분유포트솔직 후기 / 비교해보고내돈내산 추천 정보', '1. 에어맘 분유포트', '에어맘 분유포트 사용법', '에어맘 분유포트 후기 / 비교 / 장점']",4,https://postfiles.pstatic.net/MjAyMjA0MTNfMjg3/MDAxNjQ5ODM1NTcxMDA1.JxaeXlNcBpTXCHzIFxNlBQDrSciGg06d2Patcjtwlwog.v-FOh7Cxeu-B1SWPUozoBph85u9MvkuWPR9BHcP8ypsg.JPEG.era10807/KakaoTalk_20220412_165548129_01.jpg?type=w966,https://postfiles.pstatic.net/MjAyMjA0MTNfMzMg/MDAxNjQ5ODM1NjQ5MTY1.Wsqkk2SXQPPb_Yp2pxXQJhDBRQ4gj8odVpp5raHo2agg.9QFPUiXhdA_Fvc7VsR3lp3i7O6pkxClF0Ki5vK4Co-sg.JPEG.era10807/KakaoTalk_20220412_170013979_28.jpg?type=w966,10,4,5,2,2,0,0,1,0,0,0,0,0,1,1,0,0,4,1,0,0,1,0,0,0,0,0,0,0,0,0,0,0,0,0,0
https://blog.naver.com/PostView.naver?blogId=next11230&logNo=222700190814,에어맘 분유포트 추천 이유... 구매한 솔직 사용 후기 (내돈내산),20220414,에어맘 리뷰,에어맘,"(내돈내산) 에어맘 분유포트 추천 이유, 비교해 보고 구매한 솔직 사용 후기 안녕하세요 율이 맘이에요! 요즘 둘째 경이 분유 먹이고 집안일 하느라 하루가 어떻게 지나가는지 모르겠음 제 욕심 같아서는 완모하고 싶지만 앞전에 율이 키우면서 제 모유량이 부족하다는 걸 절실히 느껴서 둘째는 완분할거라고 다짐했어요ㅠ 요즘 분유포트가 따로 나와서 물이 식으면 다시 데워야 하는 번거로움이 덜어져서 좀 편하겠다 싶었고요 율이 키울 때만 해도 이런 게 없었는데 누가 이런 대단한 걸 만들 생각을 갖게 된 건지.. 엄지척 사실 혼합으로 모유+분유 먹이는 게 제일 좋겠다 싶었지만 첫째 키울 때 혼합수유를 시도해 봤지만 이게 여간 힘든 게 아니었음 완모로 가면 젖병을 소독할 일이 딱히 없으나 엄마만 깨끗하게 씻어주면 되고 (물론 음식을 가려먹긴 해야 하지만 ㅠㅠ) 완분으로 가게 되면 수유복을 입을 필요 없고 젖병만 잘 소독해 주면 되는데 수유하는 시간 간격이나 먹이는 양도 점차 일정하게 맞춰지는데요 하지만, 혼합수유를 하면 젖병도 계속 삶아야 하며 수유복도 입고 빨래해야 되고 예전에는 유축기도 사용했었는데요 유축기도 청소해야 하고 유축하면서 필요한 도구들 소독도 해야 되고 정말 청소>소독>세척 이러고 나면 하루가 빨리 끝나는 기분이랄까.. 유축이라도 쉬어볼까 하면 모유가 남아서 그런가 젖몸살이 왔었어요 게다가 새벽 수유 포함 2~3시간 정도 간격으로 하루 6~7회 정도 수유했음 한번 먹는 양이 100도 안되는 데다 먹는 시간 텀이 다른 집 아가들보다 유독 짧은 편이었음ㅠ 예전엔 분유포트 같은 신문물이 없을 때라서 새벽에 일어나서 분유 먹이려면 미리 데워서 담아둔 보온병 물은 다 식어있어서 다시 데웠던 기억이.. 하지만 그때 아이는 배고프다고 울고불고 난리였음 진짜 새벽에 그러면 반쯤 미칠 뻔했던 기억이 새록새록 벌써 9년이나 지났지만 아직도 생생~ 이런 경험이 있어서 첨부터 주변 지인들의 경험이 가득가득한 정보를 비교해 보고 솔직 후기를 듣고 분유포트 하나 장만해서 분유만 먹이자는 생각이 확고하게 들었죠 요즘은 뭐 네이버로 검색을 해보니 분유제조기도 있고 분유포트도 주전자형 / 출수형 이렇게 다양한 종류가 있더군요 저는 고심 고심 끝에 분유제조기가 사실 제일 편할 것 같긴 했지만 아무래도 내부 청소를 꼼꼼하게 하기가 불편하고 어려울 것 같은 단점이 있을 것 같아서 패스~ 그래서 저는 분유포트 중에서 고민을 하다가 지인들의 경험과 네이버에서 다른 분들의 정보들도 검색해 보고 저한테 딱 필요할 것 같은 제품인 주전자형 말고 스탠드형으로 된 에어맘 제로 자동출수 분유포트 제품을 발견해서 바로 구매했어요! 가격도 그렇게 고가의 브랜드 제품들보다는 제 기준에서는 비교해 봤지만 옵션별로도 저렴한 편에 속하다고 생각이 들었기 때문에 제가 구매한 건 에어맘 제로 자동출수 분유포트 AMK-1700인데요! 구매하기 전에 먼저 다른 제품들과 가격을 비교해 봤는데, 에어맘 분유포트는 148,000원, 맘마존 사진 후기를 작성하고 톡톡에 캡처를 보내면 네이버 페이 5,000점을 주기 때문에 구매했음! 제품은 단단한 박스에 잘 담겨 왔고 생각보다 크기도 제 마음에 들어서 놀랐음 ㅋㅋ 본체에 손잡이까지 있어서 외출하거나 여행을 갈 때 들고 다니기 편할 것 같더군요 정말 아이 키우는 부모의 마음을 너무 잘 아는 센스까지! ㅎㅎ 구성은 본체와 전기선, 설명서와 토출구 전용 세척 솔이 증정 사은품으로 들어있었음 A/S 품질 보증 기간은 1년이라고 되어 있음 본체 조립 같은 거 할 필요도 없이 그냥 간단하게 부품 몇 개만 맞추고 전기만 연결하면 끝 제가 기계치라고 하지만, 이런 건 그냥 걱정할 필요 없이 누구나 할 수 있는 수준임 설명서를 보면 메뉴 이동하는 방법이나 온도 조절하는 방법이 엄청 상세하게 나와있으니 참고하세요~ 저는 이미 다른 사람들이 사용하는 것을 영상으로 봐서 손쉽게 작동법을 알고 있었어요 일단 저는 사용하기 전에 내솥 부분을 꼼꼼하게 살펴봤죠! 유튜브나 다른 사람들의 실제 사용 후기를 보니, 내솥, 뚜껑, 토출구가 안전한 소재인 의료용 스테인리스 316을 사용했다고 하길래 궁금해서 봤는데 다른 사람들이 왜 만족해하는지 알겠더군요 그리고, 분유를 먹인다면 정말 위생이 제일 중요한데 자동 열탕 살균 세척 모드가 탑재되어 있어서 아주 위생 쉽게 위생 관리를 할 수 있는 장점이 있었어요 또한, 위쪽이나 후면으로 먼지 / 주방에서 발생하는 기름 찌꺼기나 이물질 유입이 되지 않는 밀폐형 구조로 되어 있어서 위생적으로 관리할 수 있어요 전원 코드를 연결하면 분유포트 상단에 LED로 표시가 되는데, 스마트 자동 모드를 누르게 도면 원터치로 분유물 준비 완성! 100도 가열 살균과 염소 제거 모드, 급속 쿨링까지~ 와~ 저는 신세계를 느꼈네요 이 주일 정도 사용해 보니까 새벽에도 영구 보온이 되고 조용함을 원할 땐 쿨링팬 OFF 가능하고 새벽 수유하기 위해 불 꺼진 부엌에 오면 분유포트 LED 창에 물 온도가 표시되어 있어서 찾기도 쉽고 보온 온도 설정 범위가 40~90도라 정말 맘에 들었답니다 다른 기존 제품들과 비교를 할 때 보온 온도가 24시간 정도 되는 것도 있었지만, 에어맘 분유포트는 영구 보온이 가능하다는 장점이 있었고 최대 용량이 1.7L 되고 수위창으로 남은 물 체크가 가능해서 넘나 편했음 ㅎㅎ 또 하나 제가 마음에 들었던 부분은, 둘째를 키우면서 손목 통증이 심했는데, 무거운 것을 들어야 하는 불필요함 없이~ 간편하게 터치 몇 번이면 분유타기 끝! ㅋㅋ 국내 분유 제조에 가작 적합한 물 양인 35미리 정량 출수가 가능하다는 장점도 대만족이었음 그리고 지난주 주말에 친정에 갈 일이 있어서 분유를 어떻게 먹여야 할까 고민을 했었는데, 분유포트에 담겨 있는 물을 버리고 손잡이를 잡고 들어봤더니 세상에~ 물을 비우고 나니깐 1kg 대의 가벼운 무게라서 손쉽게 들고 갔네요 이제는 저한테 없으면 절대 안 되는 육아 템이 되어버려서 출산 전에 어떤 것들을 사야 할지 리스트 고민을 하고 계신 예비맘들에게 분유포트는 꼭 고민하지 마시고 추천을 드리고 싶어요 1. 국내 분유 제조에 가장 적합한 물 양 35ml 정량 출수가 가능 2. 자동 열탕 살균 세척 모드가 탑재되어 있고, 위쪽이나 후면으로 먼지 / 주방에서 발생하는 기름 찌꺼기 등의 이물질 유입이 되지 않는 밀폐형 구조로 위생적으로 관리가 가능 3. 가격은 스토어에서 148,000원에 구매가 가능하나, 최대 적립 포인트와 포인트 더 받는 방법도 있고, 사진 후기를 톡톡에 캡처를 보내면 네이버페이 5,000점 적립이 된다 4. 손목 통증과 손목이 약한 산모도 손목에 무리 없이 버튼만 누르면 끝! 5. 영구 보온으로 물이 식어있을 걱정이 없고 새벽에도 언제든지 바로 분유 온도에 맞는 물 출수가 가능하다는 장점으로 저한테는 만족감 100퍼센트! 별점 준다면 별 다섯 개 ★★★★★ 6. 내솥, 뚜껑, 토출구까지 의료용 스테인리스 316을 사용 7. 1.7L 넉넉한 용량으로 수유량이 늘어도 걱정이 없고 수위창으로 남은 물 체크 가능하다는 장점 이렇게 에어맘 분유포트 추천 이유 / 비교해 보고 구매한 솔직 사용 후기 (내돈내산) 글을 마무리 하도록 하겠습니다.",3502,14,"['에어맘 제로 자동출수분유포트 AMK-1700', '분유 포트 개봉기', '분유포트 사용기', '제가 100000%에어맘 분유포트 추천 이유!정말 비교해보고 구매한 솔직 사용 후기', '분유포트 후기 간단 정리']",5,https://postfiles.pstatic.net/MjAyMjA0MTRfOTcg/MDAxNjQ5ODY5MDUyNzUz.zQysG-S0r-Da8obAmonc2oLILf5Wwer6eRRZiaER_fkg.kMFCY4yTqkLqAaibEscSLa3tfXv_07TbRHlw2mpuYIMg.JPEG.next11230/KakaoTalk_20220412_170604212_12.jpg?type=w966,https://postfiles.pstatic.net/MjAyMjA0MTRfMTA2/MDAxNjQ5ODY5MTA5NDk4.ArX-Ch4_O28U9hqvgCyBMDm2GZDuAaL3Q_1puYNd3RIg.64jBYBgecMYcSwg7_wT_x7BIen7y22y57afjP1Pe4fIg.JPEG.next11230/KakaoTalk_20220412_170516307_28.jpg?type=w966,7,3,6,2,2,0,0,0,0,0,0,0,0,3,1,0,0,5,1,0,0,1,0,0,0,0,0,1,0,0,0,0,0,0,0,0
https://blog.naver.com/PostView.naver?blogId=nqchfsfhm4&logNo=222158442082,에어맘 분유포트 샀어요~ 2주 사용후기,20201130,에어맘 리뷰,에어맘,"에어맘 분유포트  샀어요!!  신랑한테 분유포트 필요없다고 큰소리 떵떵 쳤는데  해보니 그게 아니더라구요 ㅋㅋㅋㅋㅋㅋ 혼자서 3일인가 해보고 포기,,  '자기야 나 분유포트기 하나 사야할 것 같아' 이렇게 말했더랬죠  어찌나 웃던지 얄미워서 꼬집어 주고 싶더라구요  제가 신경이 서있으면 잠에 못드는데 딱 그랬어요  조금만 자고 일어나서 분유 또 타줘야하니까  혹시 못일어날까 그게 신경쓰여서 잠을 못자겠는거예요  그래서 3일 밤을 꼴딱 샜더랬죠,, 머리는 몽롱하니 물 쏟고 깜빡깜빡하고 사고를 치고 이거 안되겠다 육아는 장비빨이라는 말이 괜히 있는게 아니다 돈 10만원 아낄려다 집에 불한번 내겠다 싶었어요  (남편이 많이 도와줄려고 하는데 새벽수유는 저가해요 다음날 출근하는데 피곤할까봐서~ 저녁시간 쭉 도와줘서  저녁에 자는편,,,) 엄마가 처음인지라 맘처럼 쉽지가 않더라구요  나는 최고의 엄마가 되고싶은데 분유온도 하나  맘대로 맞춰지지가 않고 아이는 자지러지게 울고 감정도 예민할때라 서러워서 울었던 적도 있어요  그래서 에어맘 분유포트 하나 장만해서 사용을 하고 있는데  너무 편해요,,, 육아 장비빨이라는 말이 괜히 있는게 아니야 애기 보고 그럼 밥먹을 시간도 없어서 고구마나 계란 쪄서 대충 때우기도 하는데 찜기에 은근 많이 들어가서  그날 간식은 거뜬!  2중 유리로 되있어서 저처럼 덜렁거리는 맘님들이 사용하기 좋을 것 같아요 우선 새벽에 비몽사몽한 상태에서도 분유 바로 탈 수 있다는게 너무 편하고 좋아요,,,,, ",748,4,[],0,https://postfiles.pstatic.net/MjAyMDExMzBfMTIx/MDAxNjA2NzEzNTY5NDc5.vUkSp6cgMa3297R9HxU9pavIcNE-eohxdpm4AVpZFpIg.LUO1aTY1R_KOQ2enx_Almra8po3VivfEtVzEyrTtmxMg.JPEG.nqchfsfhm4/KakaoTalk_20201130_085013096_02.jpg?type=w966,https://postfiles.pstatic.net/MjAyMDExMzBfMTIx/MDAxNjA2NzEzNTY5NDc5.vUkSp6cgMa3297R9HxU9pavIcNE-eohxdpm4AVpZFpIg.LUO1aTY1R_KOQ2enx_Almra8po3VivfEtVzEyrTtmxMg.JPEG.nqchfsfhm4/KakaoTalk_20201130_085013096_02.jpg?type=w966,1,0,0,1,1,1,1,0,0,0,0,0,0,0,0,0,0,0,0,0,0,0,0,0,0,0,0,0,0,0,0,0,0,0,9,9
https://blog.naver.com/PostView.naver?blogId=ji9177&logNo=222689999084,에어맘 분유포트후기,20220402,에어맘 리뷰,에어맘,"#흑호랑이띠 #육아템 #육아용품 #육아 #육아소통 #분유포트 #에어맘분유포트  4월 출산을 앞두고 역시 육아는 템빨이라며 육아 선배에게 선물 받은 분유포트예요. 타 브랜트 보르르를 염두해두고 있었는데 포트를 드는 무게도 관절에 무리가 간다며 자동출수 분유포트로!!!ㅎㅎ 생각해보니 매번 들고 붓고 해야하는 번거로움 없이 터치로 해결가능하니 역시 육아는 템빨이라는 말이 괜히 있는게 아니죠 😄  쿠팡으로 선물받아 다음날 바로 도착했어요!  역시 🚀로켓배송🚀 물통과 뚜껑 모두 의료용 스텐316으로 되어있었어요! 옆쪽에 눈금을 보면 물이 얼마나 차있는지 한눈에 알수있겠네요! 간단한 세척법과 사용법이 적인 안내종이! 아직 사용전이지만 국민템은 괜히 국민템이 아니겠죠,, 신세계를 기대하며…!🙃 #내돈내산 #출산선물 #임신축하선물 ",406,5,[],0,https://postfiles.pstatic.net/MjAyMjA0MDJfMTk1/MDAxNjQ4OTA1NDI4Mjc5.UiNQkRtEh-CtOJ-BghIc2mK0maMRUJWOx8jXNj17Z3Yg.Z8Mqnv2wI8INsXvi6KoXsO9p-7UtuFlMoCRyYbYTk04g.JPEG.ji9177/IMG_1447.jpg?type=w773,https://postfiles.pstatic.net/MjAyMjA0MDJfODEg/MDAxNjQ4OTA1NTY5MzM4.Zyjo7ibYzOB-aDE44_YOHQ7RjDisjRyRppqTHtptNKgg.E-McEAO-aiYc5C9jcWTKOtPWHEXYH5tjhczE1zXIa3Mg.JPEG.ji9177/IMG_1453.jpg?type=w773,6,0,0,0,0,0,0,0,0,0,0,0,0,0,0,0,0,0,0,0,0,1,0,0,0,0,0,0,0,0,0,0,0,0,0,0
https://blog.naver.com/PostView.naver?blogId=angdoo55&logNo=222676272449,에어맘제로 자동 출수 분유포트 후기♡,20220318,에어맘 리뷰,에어맘,"오늘은 세상 편하디 편한 아가 있는집의 필수품!! 분유포트 포스팅 하러 왔어요♡ 오늘 포스팅할 제품은 ""에어맘 제로"" 자동출수 분유포트 입니다. 체크하고 가실게요-♡♡ ​ ✔ 내솥 의료용 316 스텐 ✔  위생적인 탈착식 뚜껑 ✔ 뚜껑과 토출구 까지 스텐 ✔ 영구보온으로 항시 대기 국내 유일 에어맘 제로만 갖추어져 있다고 합니다^^ 분유포트 ""에어맘 제로""를 추천하는 이유! ●원터치로 쉬워요! 한번만 터치하면  100도 가열 > 염소제거 > 쾌속쿨링 > 영구보온​ [자동]버튼 한번이면 100도로 가열해  물속 세균을 살균해 주고3분간 유지했다가 43도로 쿨링에 들어갑니다. 그후로 쭉- 43도 영구유지 되어 분유 온도에 딱 맞는 43도로 언제든지 쉽게 출수 할 수 있어요^^ ●염소가 신생아 배앓이를 일으킨다는 사실 아시나요?​ 정수기 많이 사용하실텐데 미네랄 입자가 염소 입자보다 커서 염소를  걸러내지 못한다고 해요ㅜㅜ 에어맘은 염소제거 기능이 있습니다^^♡ ● 급속 쿨링팬이 장착되어있어 2배 빠르게 물을 식혀 준답니다. 짧은 수유텀에도 당황하지않고 바로바로 분유를 탈 수 있어요^^ ● 항시 대기 43도 영구 보온 지속 가능합니다^^ 기존 쓰던 분유포트는 얼마 지나지않아 꺼져버려서 세시간 수유텀인 저희 아들은 항상 다시 데워먹여야 했어요ㅜㅜ 에어맘제로는 43도 그대로 유지되어있어  너무 편하답니다. 뿐만아니라 40도~90도 사이의 원하는 온도를 1도씩 세밀하게 맞출 수 있어요. 정말 기가막히지요??^^ ●뚫린곳 하나 없는 밀폐형으로 이물질이 들어갈 염려 하지않아도 되요. 뒷쪽에 환기구가 있지만 내솥으로부터는 차단되어 있습니다^^ ●내솥&노즐 자동세척 열탕 살균모드 탑재. 제품을 받았다면 처음 해야 할 일이 있어요^^ 연마제 제거를 해야하는데요?  제조공정상 연마제등 이물질이 포함될 수 있으므로 첫 세척이 가장 중요합니다. 제품 출고전에도 수 차례 세척공정이 진행되지만 보다 안전한 사용을 위해 최대한 모든 단계의 세척 방법을 실행하는것을 권장한다고 해요. 1단계: 식용유를 키친타올에 묻혀 스테인레스 금속제 부분만 골고루 닦아주세요. 2단계: 키친타올에 기름자국 및 연마제가 나오지 않을때까지 반복해서 닦아주세요. 3단계: 물을 MAX선 이하로 채우고 베이킹소다 또는 식초4~5스푼 섞어 주세요 4단계: [전원] ➡ [자동]버튼을 눌러 탱크의 물을 끓인 후 [출수]버튼을 눌러 물을 배출시키세요. 5단계: 남아있는 베이킹소다, 식초를 제거하기위해 깨끗한 물로만 1~2번 출수를 반복해 주세요. 베이킹 소다가 똑 떨어진 관계로 전 식초를 준비했어요^^ 식용유를 이용해서 열심히 닦아주었습니다.​ 처음 닦아냈던 키친 타올인데 특별히 이물질이 묻어 나오진 않더라구요. 출고전 세척공정이 제대로 이루어진듯 합니다^^ 물을MAX선 이하로 채워주었어요^^ 식초를 넣고 물을 끓이려 하는데 [자동] 버튼 안눌러져서 당황!! 열심히 설명서를 살펴보니 [잠금]버튼을 풀지 않았더라구요. [잠금]버튼을 2초간 꾹 눌러주고 [자동] 버튼을 누르니 물이 보글보글 끓기 시작했어요^^ 100도 팔팔 끓었습니다. [자동 ]버튼 한번 눌러서 꺼주고 [출수]버튼을 눌러줍니다.  가볍게 한번 누르면 35ml 출수 ! 꾸욱 누르고 있으면 누르고 있는만큼 출수 됩니다. 물 가득채워 2회 출수 완료 했습니다^^ 건강한 맘마를 위해 주기적으로 관리♡ 이제 분유 탈 물을 보온하기위해 물을 채웠어요^^ 탈착식 뚜껑으로 되어있어 위생적이고 편하게 사용할 수 있어요. 뚜껑 안쪽도 스텐이라 환경호르몬으로부터 안전하게 사용할 수 있답니다^^ 에어맘 제로는 물이 끓을때 닿을것을 염려해 뚜껑 안쪽과 물이 나오는 토출구까지 내솥 의료용 스텐316 을 사용하였다고 해요. 이렇게 안전하고 편리한 분유포트는 국내 유일합니다  분유40ml를 타려면 물35ml가 필요합니다^^ 80ml먹는 아가는 [출수]버튼 2번 200ml먹는 아가는 [출수]버튼 5번 눌러주면 되겠지요? 마지막으로 에어맘제로 정말 가볍습니다! 약1.7kg 나간다고해요^^ 어디든 쉽게 이동 가능해서 좋아요. 어디하나 빠지는것 없는 정말 착하고 고마운 분유포트 입니다^^ ●사랑해 엄마에서 제품을 제공받아 작성한 후기입니다.​ #사랑해엄마 #럽맘 #럽맘체험단 #분유포트 #분유포트기 #국민분유포트 #출수형분유포트 #자동분유포트 #육아필수템 #신생아선물 #신생아필수템 #휴대용분유포트",2139,17,[],0,https://postfiles.pstatic.net/MjAyMjAzMThfMTM4/MDAxNjQ3NTgxOTUyMDgz.HHf96qdiZCcUBPKFuxmqTTX166_kRa0UV5xPOQlOS00g.CcbgunmP_BAwswnoRL-FS-uZQcET6ticyoVKRNbpLyUg.JPEG.angdoo55/20220318%EF%BC%BF143803.jpg?type=w773,https://postfiles.pstatic.net/MjAyMjAzMThfOTkg/MDAxNjQ3NTgyMzYzNzA2.0k-UqYGnTdnjZSkVQ1F9jm3_cJ9MjiXqVxsaDuBJCaIg.cKDP6uKJsXcoc-FQgxaBBCD4RcG_rASFJTjWH0dVgAog.JPEG.angdoo55/Screenshot%EF%BC%BF20220318%EF%BC%8D144558.jpg?type=w773,10,0,0,0,0,0,0,0,0,2,2,0,0,0,0,0,0,0,0,0,0,0,0,0,1,0,0,1,1,0,0,0,0,0,1,2
